股票名,股票代码,所属行业,题材关键词,公司信息,主营构成,总市值,市盈率估值,市净率估值," 市销率估值",市现率估值,综合估值状态,最新一期 ROE,价格,估算合理价格,当前价格是否合理,合理价格与当时价的价格差,预约财报披露日期,历史波动率,净利润增长率 (%),营收增长率 (%),最新负债率 (%),最新股息率 (%),净利润 3 年复合增长率 (%),营收 3 年复合增长率 (%),上市以来年化收益率 (%),预测净利润同比增长 (%),预测营收同比增长 (%),机构评级,每股收益预测
姚记科技,002605.SZ,互联网服务,扑克牌、品牌优势、技术、规模优势、国内扑克行业龙头、经销商分销模式拓宽渠道、稳定+高品质的原料保证、拟斥资1000万至5000万元回购公司股份,"公司简介:
    上海姚记科技股份有限公司创建于1994年,如今姚记公司已位列于中国印刷行业百强,上海市民营企业百强。公司坐落在上海嘉定工业园区内,公司占地15万平方米,员工将近900人,工厂如花园,景色优美,环境怡人。系大型现代化花园式扑克牌生产基地,上海市工业旅游景点之一,全国工商联直属会员。公司不空喊“以人为本”,不只考虑利润,不只是个商业体,更应是个温暖的大家庭。姚记公司建立了一整套上下沟通交流的机制,在考核中真正做到能上能下,每年拿出相当利润奖励员工,也不忘在节假日和员工生日时送上特别的礼物。“栽下梧桐树,引得凤凰来。”如今在姚记公司,大专以上学历员工已占到20%以上,近年来还吸引了一批具有硕士学位的“海归”人才。人才是企业的智力支持和发展动力,而设备则是企业作战的武器。中国的古训:欲善其事,必先利其器。公司拥有世界著名品牌印刷机德国罗兰、海德堡CD四开五色机和双色胶印机,拥有国内先进的高精度全自动平压平模切机和分条分片机,拥有国际一流的全自动包装线。并且公司努力开展科技创新工作,与设备供应商联合研发一大批专业扑克牌生产设备,这些设备的研制成功,填补了世界扑克制造业的空白,使姚记扑克的机械装备水平处于全球同行业的领先地位。一流的人才,一流的设备,打造出了一流的产品。公司积极落实“科学发展观”的指导思想,在扑克牌行业精心耕耘,经过多年的努力,“姚记扑克”不仅在国内市场独占熬头,产品还远销海外,已成为世界扑克牌行业的翘楚。公司主导产品“姚记”系列扑克,长期以来品质卓越,图案精美,在国内外市场享有良好声誉,先后荣获“上海名牌产品”、“中国轻工质量信得过产品”、“中国轻工业联合会科学技术进步奖”、“上海市区级技术中心”,在海外多个国家注册的“摩托车“(商标)扑克远销五大洲,受到客户的广泛好评。公司确立了“树百年姚记,创世界品牌”的战略目标,致力于成长为世界级专业扑克牌生产基地。
主营业务:
    经营移动游戏业务,各类扑克牌的设计、生产和销售。
所属概念:
    创投,网络游戏,股权激励,预盈预增,免疫治疗,深股通,共享经济,百度概念,富时罗素,字节概念","按行业:
    软件: 57.23%
    文教体育用品: 36.85%
    互联网营销: 3.78%
    其他(补充): 2.14%
按产品:
    游戏: 57.23%
    扑克牌: 36.85%
    数字营销: 3.78%
    其他(补充): 2.14%
按地区:
    国内: 93.81%
    国外: 6.19%",89.62 亿,估值较低,估值中等,估值较低,估值中等,估值较低,60.5,22.29,--,--,--,2021-04-29,0.4918079858236865,256.664610414574,41.5598856214,45.8332835744,1.792946677512,52.3791230862,34.5469368736,17.7404,227.5661478133,52.1443450168,"3月内:买入
6月内:买入
1年内:买入","2020 | 预测每股收益:2.817500 预测市盈率:7.933798
2021 | 预测每股收益:2.182500 预测市盈率:10.210482
2022 | 预测每股收益:2.970000 预测市盈率:7.507146"
天邦股份,002124.SZ,畜牧业,"食品加工行业、领先的研发能力和技术水平、国际先进的生产工艺与设备、安全且绿色环保的产品、获得新兽药注册证书、水产饲料龙头、建设生猪养殖基地、拟定增募资不超42亿元加码主业、拟1.5亿元转让广东天邦,可获利1.2亿元、获得新兽药注册证书、农发集团拟要约收购10%股份","公司简介:
    天邦食品股份有限公司(SZ:002124)创始于1996年,2007年挂牌上市,目前已拥有水产饲料、生物制品、生猪养殖(汉世伟)、生鲜食品(拾分味道)、工程建设(天邦开物)五个业务板块,是中国产业链齐全的农牧企业之一,立志成为世界一流的动物源食品企业。在水产饲料领域,天邦是行业内的绿色食品生产饲料认证商,率先提出并实现""水产养殖饲料系数低于1""。提供沉性、浮性和缓沉性全熟化饲料,在高端特种水产饲料的细分市场中处于领先地位。在生物制品领域,天邦开创了中国动物疫苗行业悬浮培养技术应用之先河。拥有中国的高致病性蓝耳病细胞悬浮培养耐热保护剂活疫苗(JXA1-R株),全球的禽流感(H9)细胞悬浮培养灭活疫苗等疫苗产品,助力中国动物疫苗行业产品升级和产业进步。在生猪养殖领域,汉世伟食品集团战略投资国际知名育种公司ChoiceGenetics,取得国际优秀的种猪基因。强化生产管理,严控生物安全,推进远程监控和智能化信息系统,安全、高效运营,母猪PSY、肥猪料肉比等指标屡创历史。大力推广公司+家庭农场模式,实现农户致富和公司发展的双赢局面。在生鲜食品方面,拾分味道食品集团依托齐全可控的产业链体系,鱼子酱、大闸蟹、水晶虾仁、大黄鱼等产品口感细腻,风味精致;美味猪肉""清水一煮就飘香"",具有无抗、美味、保健等特点。在工程建设方面,天邦开物集团整合资源,统筹各板块工程的计划、设计、施工和管理,推进工程建设模块化、标准化,培养和输送专业设备操作人员。以科技手段推进环保工作,开展有机肥销售,实现企业发展与自然环境相和谐。
主营业务:
    食品产业的开发(生猪育种及养殖和食品加工)、动物疫苗的研制与销售、饲料的研制与销售和工程环保服务
所属概念:
    生物疫苗,深成500,预盈预增,长江三角,融资融券,病毒防治,中证500,猪肉概念,深股通,MSCI中国,富时罗素,标准普尔,抖音小店","按行业:
    生猪养殖: 74.56%
    食品加工: 12.63%
    饲料产品: 11.80%
    其他: 1.02%
按产品:
    生猪养殖: 74.56%
    食品加工: 12.63%
    饲料产品: 11.80%
    其他: 1.02%
按地区:
    国内: 99.19%
    国外: 0.81%",197.19 亿,估值较低,估值较低,估值中等,估值较低,估值较低,60.29,15.01,--,--,--,2021-04-28,0.5141444556725733,3131.98061982708,79.196895861,43.2460280039,3.997335109927,131.3268343637,52.0673287562,22.6648,3.2562349633,57.7040664167,"3月内:买入
6月内:增持
1年内:增持","2021 | 预测每股收益:2.628571 预测市盈率:5.885057
2022 | 预测每股收益:2.767143 预测市盈率:5.424953
2023 | 预测每股收益:2.153333 预测市盈率:6.975981"
金发科技,600143.SH,化学新材料,化工新材料行业、科技创新优势、强大的科研开发队伍、完善的协同创新平台、供应链类金融平台 “易塑金融”、改性塑料龙头向化工新材料升级、拟6.99亿元收购宁波海越剩余51%股权、拟7亿元收购海越新材料剩余51%股权、拟发行不超30亿元公司债、拟斥资10亿至20亿元回购公司股份,"公司简介:
    金发科技股份有限公司是全球领先的新材料企业,依托高性能新材料的科研、生产、销售和服务,为创造更加安全、舒适、便捷的人类生活提供全新的材料解决方案,推动人类生活环境的持续改善,创造美好生活。
主营业务:
    改性塑料的研制、生产、销售。
所属概念:
    新材料,预盈预增,融资融券,参股保险,上证180_,特斯拉,医疗器械,中证500,沪股通,2025规划,5G概念,证金持股,氢能源,富时罗素,垃圾分类,降解塑料,口罩","按行业:
    化工新材料: 91.06%
    医疗耗材: 7.73%
    其他(补充): 1.21%
按产品:
    改性塑料产品: 58.21%
    贸易品: 14.17%
    绿色石化产品: 13.68%
    其他: 13.95%
按地区:
    国内销售: 81.87%
    国外销售: 16.92%
    其他(补充): 1.21%",537.37 亿,估值较低,估值中等,估值中等,估值中等,估值较低,36.21,20.88,--,--,--,2021-04-28,0.4601832913644463,268.636802243383,19.7202150784,53.7315796697,2.873563218391,103.0583799965,14.8605147886,22.6323,0.6796957586,18.6201827453,"3月内:买入
6月内:买入
1年内:买入","2021 | 预测每股收益:1.794222 预测市盈率:11.634259
2022 | 预测每股收益:4.607444 预测市盈率:10.311647
2023 | 预测每股收益:5.820000 预测市盈率:8.634271"
双汇发展,000895.SZ,食品,农副食品加工业、品牌优势、产业布局、采购及销售网络优势、领先的技术实力和突出的产品研发能力、行业龙头、连锁店、拟吸并双汇集团、拟402亿元吸收合并控股股东双汇集团,"公司简介:
    河南双汇投资发展股份有限公司是中国巨大的肉类加工基地,农业产业化国家重点领先企业,总部在河南省漯河市。双汇在全国18个省(市)建有30多个现代化的肉类加工基地和配套产业,形成了养殖、饲料、屠宰、肉制品加工、新材料包装、冷链物流、连锁商业等完善的产业链,年产销肉类产品300多万吨,拥有近百万个销售终端,全国除新疆、西藏外,双汇的产品都可以做到朝发夕至。双汇品牌价值606.41亿元,连续多年居中国肉类行业领先位置。
    双汇控股母公司—万洲国际(原双汇国际),是全球巨大的猪肉食品企业,总部在香港。万洲国际业务辐射全球20多个国家,拥有中国“双汇”、美国“史密斯菲尔德”等众多备受市场青睐的产品和品牌,双汇牌冷鲜肉、双汇王中王在中国家喻户晓,史密斯菲尔德品牌享誉欧美市场。万洲国际在肉制品、生鲜品和生猪养殖三大领域均排名全球领先,是全球规模巨大、布局最广、产业链最完善、最具竞争力的猪肉企业。
    万洲国际拥有2个上市公司,“双汇发展”(000895)深圳上市,“万洲国际”(00288)香港上市。“双汇发展”在福布斯“2014全球最具创新力企业100强”位列第24位,中国大陆第1位。“万洲国际”股票被列入英国富时指数、香港恒生综合大型股指数、恒生指数成份股。
    双汇集团董事长万隆先生,拥有40多年的肉类行业管理经验。在他的带领下,培育了两个上市公司和一支远见卓识、经验丰富、高度敬业、高度专注的管理团队。万隆先生被授予“漯河市特等功臣”、“中国肉类行业十大功勋企业家”、“美中经贸发展领军人物”、美国《时代》周刊全球“食神”。
汇集团载誉而归
    双汇以品牌价值606.41亿元上榜中国品牌价值500强,2017中国食品企业七星质量奖,2017年度中国食品安全年会“管理创新十佳案例”,2017年度中国食品安全年会“百家诚信示范单位”“中国十佳餐饮食材供应商”等多项荣誉。
主营业务:
    畜禽屠宰、肉类食品及食品加工、包装、销售(国家专项规定的除外)。蛋制品、水产品等农副食品加工,速冻食品、罐头、方便食品的生产销售。
所属概念:
    HS300_,深成500,融资融券,央视50_,证金持股,猪肉概念,深股通,超级品牌,MSCI中国,深证100R,人造肉,富时罗素,标准普尔,鸡肉概念","按行业:
    屠宰业: 65.35%
    肉制品业: 38.04%
    公司内部行业抵减: -10.43%
    其他: 7.04%
按产品:
    生鲜产品: 65.35%
    包装肉制品: 38.04%
    公司内部行业抵减: -10.43%
    其他: 7.04%
按地区:
    长江以北地区: 66.76%
    长江以南地区: 33.24%",1391.41 亿,估值中等,估值中等,估值较高,估值较低,估值中等,32.93,40.16,--,--,--,2021-04-28,0.40726356921320617,15.041553925964,22.5141159708,30.4610385308,4.183266932271,13.1400968289,13.4938160409,24.3553,13.2524500299,0.8880374017,"3月内:买入
6月内:买入
1年内:买入","2021 | 预测每股收益:2.057273 预测市盈率:19.640108
2022 | 预测每股收益:2.327273 预测市盈率:17.366668
2023 | 预测每股收益:2.545333 预测市盈率:15.777774"
龙大肉食,002726.SZ,食品,"肉类行业、全产业链优势、生猪养殖技术优势、IT销售优势、拟收购潍坊振祥食品有限公司70%股权、控股股东拟转让9.9988%股份,引入战投蓝润投资、控股股东及实控人将发生变更","公司简介:
    山东龙大肉食品股份有限公司成立于2003年7月,是专业从事肉食品加工的大型企业。秉承“源于自然,传递新鲜”的企业理念,公司构建起集种猪繁育、饲料生产、生猪养殖、屠宰分割、熟食加工为一体的完整的肉食品产业链。公司产品主要包括优质鲜冻分割猪肉、低温肉制品、散装酱卤食品等三大类400余个品种。
主营业务:
    从事生猪养殖,生猪屠宰,冷鲜肉、冷冻肉、熟食制品(中式卤肉制品、低温肉制品)的生产加工及销售。
所属概念:
    转债标的,融资融券,猪肉概念,网红直播,深股通,冷链物流,富时罗素,标准普尔,社区团购","按行业:
    屠宰行业: 69.65%
    进口贸易: 23.10%
    肉制品行业: 4.76%
    其他: 2.48%
按产品:
    鲜冻肉: 69.65%
    进口贸易: 23.10%
    高低温肉制品: 2.45%
    其他: 4.80%
按地区:
    华东其他地区: 40.07%
    山东省内: 33.41%
    华中地区: 9.94%
    其他: 16.58%",119.00 亿,估值较低,估值中等,估值较低,估值较低,估值较低,32.55,11.9,--,--,--,2021-04-29,0.4938974188406555,276.058223415134,43.2714300847,56.7863256989,1.52901447711,68.8629635088,54.2064558572,29.4096,27.8499754725,10.3027761543,"3月内:买入
6月内:买入
1年内:买入","2021 | 预测每股收益:1.163333 预测市盈率:10.275769
2022 | 预测每股收益:1.436667 预测市盈率:8.298530
2023 | 预测每股收益:1.720000 预测市盈率:6.930827"
天康生物,002100.SZ,畜牧业,饲料行业、综合优势、发展兽药行业、股东中新建招商拟协议转让股份、获得新兽药注册证书,"公司简介:
    天康生物股份有限公司是一家集兽用生物制品与动物疫病防治、现代生猪科学育种与养殖、饲料研发与生产、生猪屠宰加工配售为一体的农牧类上市公司,2006年12月26日,天康生物在深交所成功上市,公司将坚定地依据自身的专业能力和核心竞争力,紧紧围绕畜牧养殖的关键环节,包括:饲料、饲养、动保、良种繁育(主要指生猪)以及养殖服务体系和金融服务体系建设,为养殖户提供全面解决方案,提升养殖效率。
主营业务:
    动物疫苗、饲料及饲用植物蛋白的生产及销售,种猪繁育、生猪养殖、屠宰加工及肉制品销售,融资担保业务
所属概念:
    转债标的,生物疫苗,深成500,预盈预增,融资融券,病毒防治,证金持股,猪肉概念,深股通,富时罗素,标准普尔,鸡肉概念,转基因","按行业:
    饲料行业: 35.17%
    食品养殖行业: 29.00%
    玉米收储行业: 16.42%
    其他: 19.41%
按产品:
    饲料收入: 35.17%
    生猪养殖: 20.36%
    玉米代储收入: 16.42%
    其他: 28.05%
按地区:
    新疆区内: 60.55%
    新疆区外: 39.45%",112.38 亿,估值较低,估值较低,估值较低,估值较低,估值较低,31.86,10.45,--,--,--,2021-04-29,0.4808419608336435,166.943356109612,60.3304129427,56.3382329566,4.401913875598,61.6688284706,37.3114413634,18.8292,20.8021891991,13.4680358213,"3月内:买入
6月内:买入
1年内:买入","2021 | 预测每股收益:1.943333 预测市盈率:5.407076
2022 | 预测每股收益:1.536667 预测市盈率:6.868220
2023 | 预测每股收益:2.260000 预测市盈率:4.631526"
大立科技,002214.SZ,电子设备制造,红外热像仪行业、专业化研发优势、品牌优势、军品资质优势、发展数字硬盘录像机行业、签订1.28亿元军品供货合同,"公司简介:
    浙江大立科技股份有限公司是于1984年成立的浙江省测试技术研究所改制而成的股份制高新技术企业,公司股票于2008年2月18日在深圳证券交易所挂牌上市。公司专业从事非制冷焦平面探测器、红外热像仪、红外热成像系统的研发、生产和销售。
    公司座落于美丽的中国杭州,拥有功能齐全、设备完善的产业化基地以及技术研发中心,公司的技术人员占员工总数35%以上,从根本上保证了技术的国内领先、国际先进水平以及持续创新的能力。同时,公司采用国际化的现代管理模式,取得了ISO9001质量管理体系、ISO14000环境管理体系及ISO18000职业健康安全管理体系认证,从根本上保证了公司的健康发展。
    公司先后有多个红外热像仪产品获“国家级重点新产品”,一项红外热成像技术获“浙江省科学技术进步二等奖”,一项图像软件被列为“浙江省十大推荐优秀软件产品”,制冷型红外热像仪的开发被列入“国家863计划项目”。同时公司多年连续被评为“全球安防五十强”等荣誉称号。
主营业务:
    研发、生产、销售红外热成像系列产品和数字硬盘录像机等安防监控产品。
所属概念:
    军工,机构重仓,物联网,长江三角,融资融券,智能机器,国家安防,人工智能,无人驾驶,壳资源,国产芯片,深股通,军民融合,富时罗素,传感器","按行业:
    计算机、通信和其他电子设备制造业: 99.67%
    其他(补充): 0.33%
按产品:
    红外及光电类产品: 97.47%
    其他: 2.53%
按地区:
    境内: 73.85%
    境外: 26.15%",114.88 亿,估值较低,估值较高,估值中等,估值中等,估值中等,30.49,22.98,--,--,--,2021-04-30,0.4902143310925427,187.561395476647,105.520997856,21.7873463334,0.348128807659,134.8025937275,53.4838388415,22.9538,24.9246737513,12.6182163409,"3月内:买入
6月内:买入
1年内:买入","2021 | 预测每股收益:1.042500 预测市盈率:23.553650
2022 | 预测每股收益:1.297500 预测市盈率:18.910770
2023 | 预测每股收益:1.530000 预测市盈率:15.056740"
立讯精密,002475.SZ,电子设备制造,技术创新和工艺制程优势、稳定的客户资源优势、精良的管理团队优势、电脑连接器龙头、汽车连接器--新的利润增长点、注重产品研发与技术创新、国内领先的精密制造工艺、拟向景旺电子转让珠海双赢51%股权,"公司简介:
    立讯精密工业股份有限公司(以下简称“立讯精密”),成立于2004年5月24日,于2010年9月15日在深圳证券交易所成功挂牌上市(股票代码:002475),自上市以来,营业收入年复合增长率达50%。立讯精密始终坚持以技术导向为核心,集产品研发和应用服务于一体,并逐步实现从传统制造向智能制造跨越。
    公司始终专注于主业,深耕细作、锐意进取,不断通过纵向的垂直整合与横向的业务拓展占领市场先机,不断追求智能化研发设计、数字化运营管理、精细化成本控制、自动化生产制造的极致。我们通过实践智能生产的顶层设计理念,从零件到配件,从模组到智能成品,提供消费电子产品全方位的设计制造整合服务;坚持突破从低速到高速、从有线到无线、从铜到光的技术性变革,并形成可持续发展的智能互联解决方案。
    未来,我们将实现从设备与设备的智能交互到设备与人的智能交互,并通过行业布局,依托体系化市场战略和全面的技术支撑网络,以及专业、年轻并富有激情的执行团队,快速实现“机、电、声、光”全方位发展,在成为“中国制造2025”强国战略的行业领导者的同时,并立志成为世界同行业的开拓者。
主营业务:
    生产经营连接线、连接器、声学、无线充电、马达及天线等零组件、模组与配件类产品,产品广泛应用于电脑及周边、消费电子、通讯、汽车及医疗等领域。
所属概念:
    HS300_,转债标的,深圳特区,深成500,融资融券,智能穿戴,苹果概念,智能家居,5G概念,证金持股,无线充电,深股通,MSCI中国,深证100R,华为概念,富时罗素,标准普尔,无线耳机,3D摄像头","按行业:
    消费性电子: 88.45%
    电脑互联产品及精密组件: 3.81%
    汽车互联产品及精密组件: 3.07%
    其他: 4.67%
按产品:
    消费性电子: 88.45%
    电脑互联产品及精密组件: 3.81%
    汽车互联产品及精密组件: 3.07%
    其他: 4.67%
按地区:
    外销: 91.94%
    内销: 8.06%",2630.55 亿,估值较低,估值较高,估值较低,估值较低,估值较低,30.29,37.39,--,--,--,2021-04-28,0.4535742964944686,53.282513207146,47.9633913492,55.8557572811,0.294196309174,62.2847329589,59.4307091102,44.3094,33.3668639214,40.9982123863,"3月内:买入
6月内:买入
1年内:买入","2021 | 预测每股收益:1.387815 预测市盈率:27.298091
2022 | 预测每股收益:1.800852 预测市盈率:21.024268
2023 | 预测每股收益:2.198182 预测市盈率:17.030990"
三一重工,600031.SH,专用设备,工程机械行业、行业领先的研发创新能力、高端卓越的精益制造、世界最大混凝土机械制造商、行业前景、军用无人装备、拟8亿元参与设立工业互联网产业基金、拟8亿-10亿元回购股份,"公司简介:
    三一重工股份有限公司由三一集团投资创建于1994年。自成立以来公司取得了持续快速发展。目前,三一是全球装备制造业领先企业之一。2003年7月3日,三一重工在上海A股上市(股票代码:600031)并于2005年6月10日成为股权分置改革成功并实现全流通的企业,被载入中国资本市场史册。2011年7月,三一重工以215.84亿美元的市值,入围FT全球500强。2012年,三一重工并购混凝土机械全球品牌德国普茨迈斯特,改变了行业竞争格局。
主营业务:
    工程机械产品及配件的开发、生产和销售。
所属概念:
    军工,HS300_,参股银行,融资融券,上证50_,上证180_,沪股通,一带一路,证金持股,工业4.0,军民融合,MSCI中国,工业互联,富时罗素,标准普尔","按行业:
    工程机械行业: 97.47%
    其他(补充): 2.53%
按产品:
    挖掘机械: 37.78%
    混凝土机械: 27.23%
    起重机械: 19.54%
    其他: 15.45%
按地区:
    国内: 83.27%
    国际: 14.20%
    其他(补充): 2.53%",2794.18 亿,估值中等,估值较高,估值较高,估值中等,估值中等,29.64,32.93,--,--,--,2021-04-30,0.44589982620516944,36.249072150676,31.2482605103,53.9123517356,1.822046765867,94.6544424038,37.6828171676,28.1171,23.5586548097,15.4828184617,"3月内:买入
6月内:买入
1年内:买入","2021 | 预测每股收益:2.241143 预测市盈率:14.654621
2022 | 预测每股收益:2.564286 预测市盈率:12.826656
2023 | 预测每股收益:2.860345 预测市盈率:11.505382"
福莱特,601865.SH,玻璃,特种玻璃制造行业、技术优势、先发优势、客户资源优势、自愿锁定股份、股利分配、稳定股价措施,"公司简介:
    福莱特玻璃集团股份有限公司是一家集玻璃研发、制造、加工和销售为一体的综合性中大型企业,创建于1998年6月,集团本部位于长三角经济中心浙江嘉兴市。集团下属有浙江嘉福玻璃有限公司、浙江福莱特玻璃有限公司、上海福莱特玻璃有限公司、嘉兴福莱特新能源科技有限公司、安徽福莱特光伏材料有限公司、安徽福莱特光伏玻璃有限公司、福莱特(香港)有限公司、福莱特(越南)有限公司、福莱特(香港)投资有限公司等九家全资控股公司。
    福莱特通过近二十年的努力,目前总资产已达人民币约60亿元,并集玻璃研发、制造和深加工于一体的大型玻璃企业集团。并于2015年11月26日在香港联交所主板上市,股票代码:HK.06865。
    福莱特的主要产品涉及太阳能光伏玻璃、优质浮法玻璃、工程玻璃、家居玻璃四大领域,以及太阳能光伏电站的建设和石英岩矿开采,形成了比较完整的产业链。
主营业务:
    光伏玻璃、浮法玻璃、工程玻璃和家居玻璃的研发、生产和销售,以及玻璃用石英矿的开采和销售和EPC光伏电站工程建设
所属概念:
    AH股,股权激励,预盈预增,太阳能,融资融券,中证500,上证380,沪股通,富时罗素,标准普尔","按行业:
暂无数据
按产品:
    光伏玻璃: 83.47%
    工程玻璃: 8.48%
    家居玻璃: 5.22%
    其他: 2.84%
按地区:
    中国: 71.11%
    亚洲其他国家及地区(不包括中国及日本): 21.45%
    北美洲: 4.05%
    其他: 3.39%",576.47 亿,估值较低,估值中等,估值较高,估值较低,估值较低,29,26.86,--,--,--,2021-04-29,0.6769900544950233,127.089309803817,30.2407538348,41.0169543067,0.558451228593,56.3048246957,27.9101219561,238.7355,50.2673048804,61.6672160508,"3月内:买入
6月内:买入
1年内:买入","2021 | 预测每股收益:1.188500 预测市盈率:22.514297
2022 | 预测每股收益:1.424211 预测市盈率:18.565147
2023 | 预测每股收益:1.709333 预测市盈率:15.202713"
万盛股份,603010.SH,化学制品,阻燃剂行业、品牌和客户优势、产品优势、研发优势、两大阻燃剂产品提价15%-20%、1元回购并注销1.77%股份,"公司简介:
    浙江万盛股份有限公司,是国家火炬计划重点高新技术企业、浙江省高新技术企业,公司是上海证券交易所主板上市公司(股票代码:603010)。公司目前拥有3个研发中心,3大生产基地,全球化的销售网络。公司在中国的上海、浙江、广州、香港设有区域销售中心,设有欧洲万盛有限公司和美国万盛材料科技有限公司服务欧洲、美国当地客户,万盛股份有限公司正成为全球优秀的磷系磷酸酯阻燃剂、特种脂肪胺及腰果酚固化剂稀释剂等功能性化学品供应商。公司是磷系磷酸酯阻燃剂生产商,目前拥有各类磷系磷酸酯阻燃剂95000多吨产能,主要应用于电子电器、汽车等行业的工程塑料和建筑节能保温、汽车以及家私PU绵等行业。万盛股份目前拥有40000多吨各类特种胺产能,主要用于聚氨酯催化剂、电子化学品、日化、医药、农药、油品添加剂、杀菌、采矿等行业,是中国主要的特种胺供应商。公司拥有20000多吨腰果酚固化剂、稀释剂及20000多吨腰果酚产能,是中国主要的腰果酚及腰果酚固化剂、稀释剂供应商。
主营业务:
    功能性精细化学品的生产、研发和销售
所属概念:
    预盈预增,OLED,新能源车","按行业:
    工业: 97.79%
    贸易: 1.99%
    其他(补充): 0.22%
按产品:
    阻燃剂: 76.34%
    胺助剂及催化剂: 20.83%
    涂料助剂: 2.50%
    其他: 0.33%
按地区:
    境内: 59.70%
    境外: 40.07%
    其他(补充): 0.22%",95.67 亿,估值较低,估值中等,估值中等,估值较低,估值较低,27.94,27.6,--,--,--,2021-04-30,0.5049382479073694,137.20960921928,20.746512646,33.3346791381,1.449275362319,62.837273914,16.5098744992,37.2646,75.2651546531,65.5914211743,"3月内:买入
6月内:买入
1年内:买入","2021 | 预测每股收益:1.986000 预测市盈率:13.881470
2022 | 预测每股收益:2.284000 预测市盈率:12.074571
2023 | 预测每股收益:2.722500 预测市盈率:10.120362"
高德红外,002414.SZ,电子设备制造,其他电子设备制造业、核心器件产业化优势、战略布局优势、红外热成像龙头、军工资质认证完备、高性价比民品、抗击甲流赢得声誉、国内率先研发综合光电系统、交通夜视，视频监控新应用、碲镉汞制冷型红外焦平面阵列探测器项目通过科技成果评价,"公司简介:
    武汉高德红外股份有限公司创立于1999年,是国际知名的以红外热成像技术为核心的光电系统和武器系统研制生产企业。高德红外工业园位于“中国·光谷”,占地200亩,建筑面积12万平方米,配备先进的科研生产设备和仿真实验室,已成为规模化的全红外产业链研制基地。
    高德红外的“中国红外芯”及各类产品已广泛应用于国防和高科技武器系统(卫星、飞机、舰艇、导弹、坦克、单兵等)
    以及广阔的民用领域(电力、医疗、检验检疫、夜间驾驶、平安城市、智能家居等行业)。公司将在“军民融合”国策引领下,一方面为国防工业贡献力量,同时将“中国红外芯”军转民,为各行业提供专业的解决方案。
主营业务:
    红外热成像产品的研制、生产和销售。
所属概念:
    军工,HS300_,深成500,融资融券,国家安防,全息技术,无人机,无人驾驶,国产芯片,深股通,军民融合,MSCI中国,深证100R,富时罗素,标准普尔,传感器,半导体,湖北自贸","按行业:
    其他电子设备制造业: 99.59%
    租赁业: 0.22%
    技术服务业: 0.04%
    其他: 0.15%
按产品:
    红外热像仪及综合光电系统: 96.46%
    传统弹药及信息化弹药: 3.13%
    其他(补充): 0.41%
按地区:
    国内: 75.87%
    国外: 23.72%
    其他(补充): 0.41%",548.55 亿,估值较低,估值较高,估值中等,估值较高,估值中等,25.46,34.46,--,--,--,2021-04-29,0.45714340699911454,239.355348059591,83.0670396322,32.3517161864,0.341401795816,46.027458898,26.4389029324,20.6916,358.0745929994,93.4660352786,"3月内:增持
6月内:增持
1年内:买入","2020 | 预测每股收益:0.635000 预测市盈率:54.274110
2021 | 预测每股收益:0.882500 预测市盈率:39.066378
2022 | 预测每股收益:1.147500 预测市盈率:30.064261"
九阳股份,002242.SZ,小家电,家电行业、品牌优势、渠道优势、产品优势、小家电龙头，豆浆机国标制订者、实控人通过实际控制JS及Bilting增持公司16.93%权益、拟斥资4000万至8000万元回购公司股份,"公司简介:
    九阳股份有限公司,1994年,九阳豆浆机诞生。一把大豆、一杯水倒进机器,十几分钟后就变成了一杯醇香豆浆。九阳豆浆机让制作豆浆变得如此简单,豆浆从此走进了寻常百姓家。2008年5月28日,九阳在深圳证券交易所上市。2014年,九阳销售额59.43亿,九阳第1亿个豆浆机用户诞生,产品覆盖全国30多个省、市、自治区,并远销日本、美国、新加坡、印尼、泰国等20多个国家和地区。九阳已形成跨区域的个性管理机构,在济南、杭州、苏州等地建有多个生产、研发基地。
主营业务:
    主要从事厨房小家电系列产品的研发、生产和销售。
所属概念:
    深成500,融资融券,电商概念,智能家居,中证500,证金持股,深股通,MSCI中国,养老金,富时罗素,标准普尔","按行业:
    家电行业: 96.94%
    其他(补充): 3.06%
按产品:
    食品加工机系列: 42.37%
    营养煲系列: 31.00%
    西式电器系列: 13.65%
    其他: 12.98%
按地区:
    境内销售: 91.68%
    境外销售: 8.32%",255.24 亿,估值较高,估值较高,估值中等,估值较低,估值中等,23.83,33.27,--,--,--,2021-04-30,0.4276464841121664,14.072820183239,20.0216030583,53.1190694354,3.005710850616,10.9172161346,15.6953913684,16.6665,10.3350609497,10.5320590368,"3月内:买入
6月内:买入
1年内:买入","2021 | 预测每股收益:1.353636 预测市盈率:24.607386
2022 | 预测每股收益:1.528485 预测市盈率:21.792776
2023 | 预测每股收益:1.742609 预测市盈率:19.059340"
新宝股份,002705.SZ,小家电,小家电行业、多元化优势、拟在顺德建小家电基地、拟斥资不超1亿元回购公司股份,"公司简介:
    广东新宝电器股份有限公司,小家电领域工业设计翘楚。以工业设计驱动企业快速成长;广东省工业设计示范企业,从 ""广东制造""到""广东设计""的典型企业案例,多次获得红星奖、红棉奖等多项设计奖项。推动小家电行业标准化战略。主导、参与多项国家标准制定;建立 (CNAS)及一系列国际权威机构认可的实验室。掌握多项核心技术。被认定为省企业技术中心、省工程技术研究开发中心、国家高新技术企业,拥有专利超过2300项,其中发明专利210多项。自主品牌进入小家电市场前列。建立覆盖全国的内销网络,同时在海外在开展自主品牌销售业务,实现了经营战略的重大突破。荣获广东省出口名牌等荣誉。
主营业务:
    从事设计研发、生产、销售小家电产品
所属概念:
    深成500,融资融券,智能家居,中证500,证金持股,深股通,贬值受益,MSCI中国,养老金,小米概念,富时罗素,标准普尔","按行业:
    小家电行业: 97.60%
    其他(补充): 2.40%
按产品:
    电热类厨房电器: 51.66%
    电动类厨房电器: 24.24%
    家居电器: 12.91%
    其他: 11.19%
按地区:
    国外销售: 70.09%
    国内销售: 27.51%
    其他(补充): 2.40%",299.61 亿,估值中等,估值较高,估值较高,估值中等,估值中等,23.69,36.24,--,--,--,2021-04-28,0.45749626944478206,75.380442298599,33.5240686264,52.7095433568,1.07003530036,16.8338587157,9.3136348548,30.8108,63.0341504115,41.8473146405,"3月内:买入
6月内:买入
1年内:买入","2020 | 预测每股收益:1.373182 预测市盈率:26.736146
2021 | 预测每股收益:1.685455 预测市盈率:21.746918
2022 | 预测每股收益:2.013182 预测市盈率:18.233529"
金石资源,603505.SH,金属非金属新材料,非金属矿采选业、资源优势、规模优势、技术优势、行业龙头、常山县新昌乡岩前萤石矿采选项目、正中精选资源综合利用项目、龙泉砩矿技术升级改造项目、子公司龙泉砩矿复产、股利分配、自愿锁定股份、稳定股价措施,"公司简介:
    金石资源集团股份有限公司是专业从事萤石矿投资开发以及萤石产品生产销售的实业集团,公司成立于2001年,于2017年5月3日在上交所主板(股票代码:603505)上市。集团的矿山运作、管理水平、采选技术、环境治理等在同行业中享有很高声誉,是浙江省萤石协会会长单位、中国非金属矿工业协会萤石专业委员会副理事长单位及浙江省矿业联合会副会长单位。公司本着“人、资源、环境和谐共生绿色发展”的理念,狠抓矿山管理,提高资源利用效率,建设绿色矿山,确保矿山安全,下属矿山企业多次荣获“节能减排先进企业”、“矿山安全标准省一级企业”、“国家级绿色矿山试点单位”、“省级绿色矿山”、“地方纳税大户”等称号。
主营业务:
    专注于萤石矿的投资和开发,以及萤石产品的生产和销售
所属概念:
    稀缺资源,融资融券,上证380,沪股通,标准普尔","按行业:
    自产产品: 98.99%
    其他(补充): 1.01%
按产品:
    自产酸级萤石精粉: 70.24%
    自产高品位萤石块矿: 27.32%
    自产冶金级萤石精粉: 1.29%
    其他: 1.15%
按地区:
    境内: 98.64%
    其他(补充): 1.01%
    境外: 0.35%",61.15 亿,估值较低,估值中等,估值中等,估值较低,估值较低,23.64,25.46,--,--,--,2021-04-29,0.519107194023964,6.966138454089,8.7116526043,43.7957194018,1.17744565946,45.5865874867,32.5506078412,65.1623,37.208935485,24.927929153,"3月内:买入
6月内:买入
1年内:买入","2021 | 预测每股收益:1.386000 预测市盈率:18.728735
2022 | 预测每股收益:1.702500 预测市盈率:14.950934
2023 | 预测每股收益:2.090000 预测市盈率:12.217646"
海螺水泥,600585.SH,水泥,水泥行业、合资设立芜湖东南亚贸易公司、合资设立八宿海螺水泥、合资设立滁州海螺型材、设立卡尔希海螺、增资伏尔加海螺,"公司简介:
    安徽海螺水泥股份有限公司成立于1997年9月1日。1997年10月21日在香港挂牌上市,开创了中国水泥行业境外上市的先河。公司主要从事水泥及商品熟料的生产和销售。公司生产线全部采用先进的新型干法水泥工艺技术,具有产量高、能耗低、自动化程度高、劳动生产率高、环境保护好等特点。公司在华东、华南地区拥有丰富的优质石灰石矿山资源,含碱度低,碳酸钙含量高,为生产高品质低碱水泥提供了得天独厚的原材料;公司生产全部采用新型干法旋窑工艺技术,装备先进,实现了从矿石开采到码头装运的全程自动化控制,按照ISO9001国际质量认证体系进行质量管理和监控;依靠完备的铁路、公路及水路运输系统,形成了专业化生产体系和庞大的市场营销网络。“海螺”牌高等级水泥和商品熟料为公司的主导产品。“CONCH”商标被国家商标局认定为驰名商标,“海螺”牌水泥被国家质量监督检验检疫总局批准为免检产品,长期、广泛应用于举世瞩目的标志性工程,如:京沪高铁、杭州湾跨海大桥、上海东方明珠电视塔、上海磁悬浮列车(轨道梁)、连云港田湾核电站、浦东国际机场等工程。同时,产品出口美国、欧洲、非洲、亚洲等20多个国家和地区。
主营业务:
    主要从事水泥及水泥制品的生产销售业务。
所属概念:
    AH股,HS300_,QFII重仓,铁路基建,融资融券,央视50_,上证50_,上证180_,沪股通,一带一路,证金持股,MSCI中国,富时罗素,标准普尔,装配建筑","按行业:
    建材行业(自产品销售): 60.65%
    建材行业(贸易业务): 23.30%
    其他(补充): 16.05%
按产品:
    建材行业(自产品销售)-42.5级水泥: 46.80%
    建材行业(贸易业务): 23.30%
    其他(补充): 16.05%
    其他: 13.84%
按地区:
    中国东部: 36.01%
    中国中部: 28.86%
    中国西部: 19.40%
    其他: 15.73%",2652.30 亿,估值较低,估值较低,估值较低,估值中等,估值较低,23.62,50.05,--,--,--,2021-04-28,0.40627462571455397,4.575200098366,12.234804777,16.2986952944,4.235764235764,30.3684112947,32.765297482,23.5041,4.5932744535,6.0454827539,"3月内:买入
6月内:买入
1年内:买入","2021 | 预测每股收益:6.934091 预测市盈率:6.859835
2022 | 预测每股收益:7.170909 预测市盈率:6.635983
2023 | 预测每股收益:7.340556 预测市盈率:6.475312"
盈趣科技,002925.SZ,消费电子设备,计算机、通信和其他电子设备制造业、UDM业务模式、客户优势、技术研发优势、收购博发电子51%股权、拟斥资1亿至2亿元回购公司股份、自愿锁定股份、智能制造生产线建设项目、智能制造整体解决方案服务能力提升项目、Intre+智能家居产业化项目、盈趣科技获得“国家技术创新示范企业”认定、股利分配、稳定股价措施,"公司简介:
    厦门盈趣科技股份有限公司成立于2011年5月,拥有厦门盈趣汽车电子有限公司、厦门攸信信息技术有限公司、漳州盈塑工业有限公司、盈趣科技(马来西亚)有限公司等境内外9家全资或控股子公司。公司现有员工3300余名,高素质的技术研发工程师、管理者800多名,拥有企业技术中心、重点实验室、机器人研究中心,并在福州大学等高校设立产学研孵化基地。
    适应工业制造智能化、“互联网+”的发展趋势,公司以自主创新的UDM模式(也称为ODM智能制造模式)为基础,形成了高度信息化、自动化的智能制造体系,满足协同开发、定制服务、柔性生产、信息互联等综合服务需求,为客户提供智能控制部件、创新消费电子等产品的研发、生产,并为中小型企业提供智能制造解决方案。
    集特有的UDM业务模式优势、技术研发优势、智能制造优势、质量控制优势、客户优势及管理优势等于一身,公司为国际知名企业及科技型企业提供创新性强、可靠性高、一致性高的产品研发及制造服务。目前公司已与罗技(瑞士上市公司)、WIK(雀巢咖啡机一级供应商)、Venture(新加坡上市公司,PMI电子烟产品一级供应商)、3Dconnexion(3D鼠标产品客户)、Asetek(挪威上市公司)等企业建立起全方位、深层次的战略合作关系。
    公司荣获“国家工信部智能制造试点示范项目”、“国家高新技术企业”、“国家级工业设计中心”、“福建省工业互联与民用物联重点实验室”、“福建省企业技术中心”、“福建省知识产权优势企业”、“福建省工业企业质量标杆”、“厦门市政府质量奖”等多项荣誉称号,并通过ISO/TS16949、CMMI-ML3等国际资质认证。
主营业务:
    公司以自主创新的UDM模式(也称为ODM智能制造模式)为基础,主要为客户提供智能控制部件、创新消费电子等产品的研发、生产,并为中小型企业提供智能制造解决方案。
所属概念:
    物联网,深成500,融资融券,智能穿戴,智能家居,国产软件,中证500,高送转,深股通,贬值受益,MSCI中国,工业互联,数字孪生,电子烟,富时罗素,标准普尔","按行业:
    电子制造业: 98.29%
    技术研发服务: 1.71%
按产品:
    创新消费电子产品: 60.21%
    智能控制部件: 17.98%
    健康环境产品: 10.23%
    其他: 11.57%
按地区:
    境外: 93.51%
    境内: 6.49%",313.24 亿,估值较高,估值中等,估值较低,估值较高,估值中等,23.59,40.08,--,--,--,2021-04-26,0.5460277501255428,5.321889373132,37.7696657247,34.658965795,1.467652930562,1.3734281469,17.5745543919,44.7316,36.7269323672,22.7814286815,"3月内:买入
6月内:买入
1年内:买入","2021 | 预测每股收益:3.056000 预测市盈率:22.352298
2022 | 预测每股收益:3.856000 预测市盈率:17.710271
2023 | 预测每股收益:4.980000 预测市盈率:13.697049"
大博医疗,002901.SZ,医疗器械,专用设备制造业、研发优势、营销渠道优势、用户结构优势、自愿锁定股份、创伤脊柱骨科耗材扩产项目、关节假体投产项目、股利分配、稳定股价措施,"公司简介:
    大博医疗科技股份有限公司成立于2004年,坐落于美丽的鹭岛——厦门,是一家以骨科、神经外科、微创外科为主的综合性医疗集团,是国家火炬计划重点高新技术企业,也是国内具有竞争力的骨科植入物生产企业之一。公司先后通过了FDA、CE、ISO13485、GMP等专业认证,产品品质不断超越国际标准,得到国内外用户的一致认可。大博以“弘扬民族品牌,打造健康人生”为己任,凭借自身雄厚的经济实力、资深的研发力量、科学的管理体制和前瞻性的营销战略,编织出中华民族医疗事业伟大复兴的中国梦。
主营业务:
    医用高值耗材的生产、研发与销售
所属概念:
    深成500,3D打印,医疗器械,中证500,健康中国,深股通,昨日涨停,富时罗素,标准普尔","按行业:
    医疗器械制造业: 100.00%
按产品:
    创伤类产品: 67.55%
    脊柱类产品: 19.41%
    微创外科类产品: 5.55%
    其他: 7.50%
按地区:
    境内: 94.61%
    境外: 5.39%",243.79 亿,估值中等,估值中等,估值较低,估值中等,估值较低,23.34,60.63,--,--,--,2021-04-27,0.5168548864817418,24.807719341483,27.5391192202,19.2602810949,0.989949181488,28.5105789105,39.5489326658,62.4965,23.6601316331,27.5718104169,"3月内:买入
6月内:买入
1年内:买入","2020 | 预测每股收益:1.426667 预测市盈率:42.352414
2021 | 预测每股收益:1.790000 预测市盈率:33.880675
2022 | 预测每股收益:2.240000 预测市盈率:27.082259"
大参林,603233.SH,医药商业,"零售业、深耕华南、稳健扩张,全国规模领先的药品零售直营连锁企业、精细化的运营管理、高效、合理的物流配送体系、拟收购保定市盛世华兴医药连锁有限公司46%股权、玉林医药物流中心建设项目、信息化建设项目","公司简介:
    大参林医药集团股份有限公司,成立于1999年,是一家集医药制造、零售、批发为一体的集团化企业。公司以发展药店连锁为立业之本,经过多年耕耘,旗下门店遍布广东、广西、河南等国内多个省份。2017年7月31日,大参林正式在上海证券交易所主板上市。
主营业务:
    从事药品、中药饮片、参茸滋补品、保健品、医疗器械、个人护理、家居用品等的连锁零售业务
所属概念:
    转债标的,预盈预增,融资融券,电商概念,上证380,沪股通,MSCI中国,富时罗素,标准普尔","按行业:
    零售: 94.44%
    批发: 3.36%
    其他(补充): 2.20%
按产品:
    中西成药: 62.26%
    非药品: 20.66%
    中参药材: 14.88%
    其他(补充): 2.20%
按地区:
    华南地区: 82.14%
    华中地区: 7.52%
    华东地区: 4.98%
    其他: 5.36%",526.57 亿,估值中等,估值较高,估值较高,估值中等,估值中等,22.74,79.95,--,--,--,2021-04-29,0.45054031755397944,51.165305597992,30.8917440449,54.8091685497,1.000625390869,30.7716341034,25.2534325211,57.2131,28.8886031143,26.710097374,"3月内:买入
6月内:买入
1年内:买入","2021 | 预测每股收益:2.067308 预测市盈率:38.462814
2022 | 预测每股收益:2.628846 预测市盈率:30.249080
2023 | 预测每股收益:3.355313 预测市盈率:23.590266"
老板电器,002508.SZ,小家电,厨房电器行业、高端品牌的运营能力、全面高效的营销能力、持续创新的研发能力,"公司简介:
    杭州老板电器股份有限公司(股票代码:002508,股票简称:老板电器)创立于1979年,专业生产吸油烟机、家用灶具、消毒柜、电烤箱、蒸汽炉、微波炉、洗碗机、净水器等家用厨房电器产品,致力于为千万家庭创造更高品质的厨房新生活。经过39年的发展与壮大,老板电器现已成为中国厨房电器行业发展历史、市场份额、生产规模、产品类别、销售区域都排在前列的品牌。凭借行业领先的智能制造工艺、国家级工业设计、优异的产品品质,老板电器现已成为市场销售的领先者、行业标准的倡导者、社会责任的先行者、中国厨房电器领导品牌,也由此获得中央电视台授予的“CCTV全球领先民族品牌”称号。三十多年的发展和创新使老板电器在中国厨电领域已成为社会公认的领导品牌。老板品牌已连续五年入围“BRANDZ最具价值中国品牌100强”,连续6年获“中房企500强首选供应商”,连续13年荣膺“亚洲品牌500强”。2017年,老板电器荣获“全国质量奖”。
主营业务:
    厨房电器产品的研发、生产、销售和综合服务的拓建。
所属概念:
    HS300_,QFII重仓,深成500,融资融券,深股通,MSCI中国,小米概念,富时罗素,标准普尔","按行业:
    家电厨卫: 100.00%
按产品:
    吸油烟机: 52.45%
    燃气灶: 24.10%
    消毒柜: 7.26%
    其他: 16.20%
按地区:
    华东地区: 50.07%
    华南地区: 14.05%
    华中地区: 9.38%
    其他: 26.50%",340.89 亿,估值较低,估值中等,估值中等,估值中等,估值较低,22.54,35.92,--,--,--,2021-04-28,0.3950569270996939,3.42766781175,0.0218534434,35.2951114355,1.391982182628,9.6224956952,10.225691652,25.5702,6.6851630457,5.4390802308,"3月内:买入
6月内:买入
1年内:买入","2020 | 预测每股收益:1.785313 预测市盈率:20.098469
2021 | 预测每股收益:2.026562 预测市盈率:17.726606
2022 | 预测每股收益:2.265484 预测市盈率:15.855941"
陕西煤业,601225.SH,煤炭,煤炭行业、资源储备优势明显、新技术、新成果应用效果显著、传统产业与新兴产业并驾齐驱、拟不超50亿元回购股份,"公司简介:
    陕西煤业股份有限公司(以下简称“陕西煤业”或“公司”)是陕西煤业化工集团公司以煤炭主业资产出资,联合三峡集团、华能开发、陕西有色、陕鼓集团于2008年12月23日共同发起设立的股份有限公司。2014年元月28日,陕西煤业在上海证券交易所挂牌上市,股票代码601225,发行股票10亿股,募集资金40亿元。发行完成后,公司总股本为100亿元。公司控股股东为陕西煤业化工集团公司,实际控制人为陕西省国资委。
    公司具有较强的资源优势、产品优势、区位优势、政策优势和专业化管理优势。截止2017年末,公司拥有煤炭地质储量164.33亿吨,可采储量102.69亿吨,90%以上的煤炭储量属于优质煤,90%以上的煤炭资源位于陕北、黄陇等优质煤产区。 公司主营业务为煤炭开采、洗选、加工、销售以及生产服务等,主要产品为煤炭,具有低灰、低硫、低磷、高发热量等特点,是优质的动力、化工及冶金用煤。公司现有“黄灵牌”、“黄灵一号”、“玉华牌”、 “红柳林牌”等多个品牌,多次被陕西省评为“信得过产品”、“优质煤炭产品”。 近年来,公司以经济效益为中心,科学统筹内外部发展要素,挖掘公司潜力,严控成本费用,提升内部管理,调整优化结构,深化内部改革,坚定不移地走安全发展、绿色发展之路。2017年,公司完成原煤产量10097万吨,煤炭销量12338万吨;实现营业收入509.27亿元,归属于上市公司股东的净利润104.49亿元,每股收益1.04元/股。截至2017年12月31日,公司总资产1054.07亿元,所有者权益585.70亿元,在职员工2.8万人。
    公司将按照统筹规划、科学布局、集约开发、绿色开采、高效转化、清洁利用的煤炭发展方针,坚持调整存量、做优增量,坚持提质增效、集约发展,坚持深化改革、创新驱动,坚持绿色开发、清洁利用的原则,以生产为依托,以用户为中心,以大物流体系为平台,坚持共赢发展,建立煤炭全价值链协同体系。充分发挥好陕西区位和煤炭产业竞争优势,优化煤炭产业竞争力结构,努力使公司成为国际一流能源企业。
主营业务:
    煤炭生产、销售和运输等业务,并拥有完整的煤炭生产、销售和运输体系。
所属概念:
    HS300_,融资融券,上证180_,沪股通,证金持股,MSCI中国,富时罗素,标准普尔","按行业:
暂无数据
按产品:
    销售与运输: 96.20%
    神府矿区: 21.72%
    黄陵矿区: 11.25%
    其他: -29.17%
按地区:
暂无数据",1144.00 亿,估值中等,估值中等,估值较低,估值中等,估值较低,21.79,11.44,--,--,--,2021-04-30,0.4404656103730429,26.368093227774,26.2937139045,38.30064067,3.146853146853,61.6809075347,30.3639070483,19.0109,20.1756913795,24.4659997412,"3月内:买入
6月内:买入
1年内:买入","2020 | 预测每股收益:1.399333 预测市盈率:8.175789
2021 | 预测每股收益:1.351333 预测市盈率:8.490654
2022 | 预测每股收益:1.400000 预测市盈率:8.188102"
国联股份,603613.SH,互联网商务,互联网和相关服务、线上线下协同优势、价值交互协同优势、独特组织架构优势、自愿锁定股份、股利分配、稳定股价措施,"公司简介:
    北京国联视讯信息技术股份有限公司是国内较早采用垂直行业集群模式的第三方B2B电子商务平台运营服务公司,公司目前经营以下五种业务:即会员服务、会展服务、行业资讯服务、代理业务以及金融服务业务.公司自成立以来,通过自有渠道和与行业协会、行业研究学会等合作的方式发展会员,目前国联资源网电子商务平台现已成为业内在专业数据、客户数量、访问量、注册收费会员率等方面具有较强影响力的的电子商务平台。
主营业务:
    公司以B2B电子商务业务为主。公司定位于B2B综合服务平台,以工业电子商务为基础,以互联网数据为支撑,为相关行业客户提供工业品和原材料的网上商品交易、商业信息服务和互联网技术服务。
所属概念:
    物联网,预盈预增,大数据,电商概念,上证380,沪股通,人工智能,MSCI中国,工业互联,富时罗素","按行业:
    涂料化工行业: 68.18%
    卫生用品行业: 12.96%
    玻璃行业: 8.95%
    其他: 9.90%
按产品:
    网上商品交易: 99.40%
    商业信息服务: 0.48%
    互联网技术服务: 0.12%
    其他(补充): 0.00%
按地区:
    华东: 41.87%
    华中: 20.10%
    华南: 19.60%
    其他: 18.43%",335.65 亿,估值较高,估值较低,估值中等,估值中等,估值中等,21.38,141.52,--,--,--,2021-04-28,0.6215403939762237,91.568285717817,138.3793520654,41.8486520272,0.093273035613,73.0592300452,104.719927985,368.9131,62.486020244,84.9288746316,"3月内:买入
6月内:买入
1年内:买入","2021 | 预测每股收益:2.086364 预测市盈率:67.842794
2022 | 预测每股收益:3.322727 预测市盈率:42.593576
2023 | 预测每股收益:5.406250 预测市盈率:26.180518"
老凤祥,600612.SH,珠宝首饰,黄金珠宝行业、品牌优势、渠道优势、规模优势,"公司简介:
    老凤祥股份有限公司创始于公元1848年的老字号民族品牌老凤祥,集科工贸于一身、产供销于一体,拥有完整的产业链、多元化的产品线,是国内文化底蕴深厚的跨越三个世界的品牌,是中国珠宝首饰业民族工业的一面旗帜和优秀企业的代表。旗下的研究所、博物馆、专业工厂和遍布全国的3000多家银楼专卖店以及典当行、拍卖行等,构成了老凤祥大规模的产业体系,其品牌产品达到了珠宝首饰的全品类,并向旅游纪念品、工艺品、钟表和眼镜的相关产业和跨界产品延伸扩展。
主营业务:
    黄金首饰、铅笔制造、铅笔机械、化工原料、制笔零件等。
所属概念:
    AB股,参股券商,参股银行,黄金概念,机构重仓,长江三角,融资融券,沪企改革,国企改革,上证380,沪股通,养老金,富时罗素,标准普尔","按行业:
暂无数据
按产品:
    珠宝首饰: 67.77%
    黄金交易: 30.55%
    其他(补充): 0.76%
    其他: 0.92%
按地区:
    境内地区: 98.69%
    其他(补充): 0.76%
    境外地区: 0.55%",300.06 亿,估值较低,估值中等,估值中等,估值中等,估值较低,21.03,57.36,--,--,--,2021-04-28,0.4935390098785291,5.732887111865,4.1249755363,53.2083644145,2.004881450488,10.0129197076,12.3840653214,19.2278,8.4178355795,5.4118771184,"3月内:买入
6月内:买入
1年内:买入","2020 | 预测每股收益:2.917333 预测市盈率:14.507568
2021 | 预测每股收益:3.430000 预测市盈率:12.347460
2022 | 预测每股收益:3.862667 预测市盈率:10.960692"
中炬高新,600872.SH,食品,调味食品行业、调味食品行业领先优势、房地产业务的区位优势、园区建设管理的成熟经验、稀土概念、拟3.4亿元收购厨邦公司20%股权实现全控、实控人变更为姚振华、火炬开发区管委会认定公司不再由其实际控制,"公司简介:
    中炬高新技术实业(集团)股份有限公司于1993年应运而生,并于1995年率先在全国53个国家级高新区中上市,其发展受到了各级政府及社会各界的广泛关注。  二十五年来,中炬高新凭借珠三角地区突出的区位优势,集中了中山火炬开发区的优质资源,求实以固本,创新以发展,在高新技术产业投资、国家级开发区招商两大领域取得了持续和稳健的发展。成功开发的中炬高新产业园和中炬汽配工业园,形成了电子信息、健康食品、汽车配件等多个产业链。截至2017年12月,公司管理的工业园区落户企业近百家,2017年实现工业总产值279.36亿元,利税47.04亿元。  中炬高新以宝能集团和国家级高新区为依托,致力于资产经营和资本经营,投资范围涉及高新产业园区开发、健康食品业、房地产业、汽车配件业等领域。截至2017年12月,公司总股本7.97亿元,总资产53.05亿元,净资产34.5亿元,归属母公司净资产31.41亿元。
主营业务:
    调味食品,园区综合开发管理等
所属概念:
    HS300_,参股银行,融资融券,上证180_,沪股通,MSCI中国,富时罗素,标准普尔","按行业:
    制造业: 97.23%
    园区及房地产开发运营: 1.71%
    其他(补充): 1.07%
按产品:
    调味品: 96.23%
    园区及房地产开发运营: 1.71%
    其他(补充): 1.07%
    皮带轮及汽车、摩托车配件: 1.00%
按地区:
    南部区域: 41.98%
    东部区域: 21.53%
    中西部区域: 20.27%
    其他: 16.22%",406.21 亿,估值中等,估值较高,估值较高,估值中等,估值中等,20.96,50.99,--,--,--,2021-04-28,0.4549017417494112,23.955733330408,9.5945519148,25.0383470044,1.333594822514,25.2185612327,12.3849543066,16.942,13.445113352,19.2048197957,"3月内:买入
6月内:买入
1年内:买入","2021 | 预测每股收益:1.265286 预测市盈率:40.234919
2022 | 预测每股收益:1.540343 预测市盈率:33.104010
2023 | 预测每股收益:1.849156 预测市盈率:27.569067"
索菲亚,002572.SZ,家具,定制家具行业、品牌力不断攀升、积极进取的全渠道营销体系、产品力、公司经销商持股计划完成股票购买,"公司简介:
    索菲亚家居股份有限公司是一家主要经营定制衣柜及全屋配套定制家具的研发、生产和销售的公司。公司于2003年开始生产、销售“索菲亚”品牌定制衣柜以来,凭借量身定做的定制衣柜和壁柜门相结合的崭新产品概念,成功把定制衣柜推向市场并获得中国消费者的认同。公司于2011年在深交所成功上市,是行业内A股上市公司(股票代码:002572)。
主营业务:
    定制衣柜及其配套定制家具的研发、生产和销售。
所属概念:
    参股券商,深成500,融资融券,电商概念,中证500,证金持股,虚拟现实,深股通,富时罗素,标准普尔","按行业:
    家具制造业: 99.57%
    其他(补充): 0.43%
按产品:
    衣柜及其配套产品: 80.23%
    橱柜及其配件: 14.50%
    木门: 3.49%
    其他: 1.78%
按地区:
    华南: 28.95%
    华东: 21.96%
    华北: 18.86%
    其他: 30.23%",281.01 亿,估值较低,估值中等,估值较低,估值中等,估值较低,20.92,30.8,--,--,--,2021-04-29,0.4150076126024864,10.656442320683,8.6748484786,39.0659190263,1.948051948052,9.5526838384,10.6752256975,21.2892,17.2984853374,20.0259058841,"3月内:买入
6月内:买入
1年内:买入","2021 | 预测每股收益:1.532308 预测市盈率:20.093829
2022 | 预测每股收益:1.788846 预测市盈率:17.216148
2023 | 预测每股收益:2.104762 预测市盈率:14.633174"
永高股份,002641.SZ,其他建材,塑胶制品行业、品牌优势、规模优势、4000港币出让子公司4成股权,"公司简介:
    永高股份有限公司创建于1993年,产业涉及塑料管道、光伏太阳能、家用电器开关插座智能装备和贸易等多个领域。系中国塑料加工工业协会塑料管道专业委员会理事长单位,公元集团巨大的核心子公司,下辖上海公元建材发展有限公司、深圳永高塑业发展有限公司、广东永高塑业发展有限公司、安徽永高塑业发展有限公司、天津永高塑业发展有限公司、重庆永高塑业发展有限公司、浙江公元太阳能科技有限公司、浙江公元电器有限公司、台州市黄岩精杰塑业发展有限公司和浙江金诺铜业有限公司、安徽公元科技发展有限公司、上海永高管道销售有限公司、永高(上海)国际贸易有限公司等十二家全资子公司和浙江元邦智能装备有限公司(合资公司),并于2011年12月8日在深圳证券交易所中小板成功上市,股票代码:002641。
主营业务:
    塑料管道的研发、生产和销售。
所属概念:
    太阳能,深股通,富时罗素,光伏建筑一体化","按行业:
    制造业: 95.11%
    其他(补充): 4.89%
按产品:
    PVC管材管件: 47.58%
    PE管材管件: 20.03%
    PPR管材管件: 16.71%
    其他: 15.69%
按地区:
    华东: 59.49%
    外销: 12.88%
    华南: 12.59%
    其他: 15.03%",83.51 亿,估值较低,估值中等,估值中等,估值较低,估值较低,20.85,6.76,--,--,--,2021-04-27,0.4222355220498937,64.274335375274,7.8984378508,45.3355745821,1.856040976435,33.7207905293,18.6363469707,9.4882,50.9174642001,12.9914925787,"3月内:增持
6月内:买入
1年内:买入","2020 | 预测每股收益:0.626000 预测市盈率:10.771649
2021 | 预测每股收益:0.730000 预测市盈率:9.212164
2022 | 预测每股收益:0.860000 预测市盈率:7.813472"
安宁股份,002978.SZ,铁矿石,黑色金属矿采选业、绿色矿山企业政策优势、资源综合利用优势、信息化系统优势、自愿锁定股份、股利分配、稳定股价措施,"公司简介:
    四川安宁铁钛股份有限公司是一家以先进技术对多金属伴生矿进行采选的钒钛资源综合利用循环经济企业。主要业务为铁矿石的开采、洗选、销售,主要产品为钒钛铁精矿、钛精矿。
主营业务:
    钒钛磁铁矿的开采、洗选和销售
所属概念:
    参股银行,QFII重仓,深成500,深股通,钛白粉","按行业:
    黑色金属矿采选业: 99.28%
    其他(补充): 0.72%
按产品:
    钛精矿: 52.22%
    钒钛铁精矿(61%): 47.06%
    其他(补充): 0.72%
按地区:
    钒钛铁精矿(61%)四川省): 47.06%
    钛精矿其他省份: 33.17%
    钛精矿四川省: 19.06%
    其他(补充): 0.72%",186.75 亿,估值中等,估值中等,估值中等,估值较低,估值较低,20.64,46.57,--,--,--,2021-04-29,0.508610644549709,34.934809865912,19.0232312573,15.2639862813,1.07365256603,8.3684460684,8.3312449317,71.4912,57.0809084435,36.3150895493,"3月内:增持
6月内:增持
1年内:增持","2021 | 预测每股收益:2.742500 预测市盈率:16.969862
2022 | 预测每股收益:3.097500 预测市盈率:15.037278
2023 | 预测每股收益:3.280000 预测市盈率:14.193998"
集泰股份,002909.SZ,化学制品,化学原料和化学制品制造业、技术优势、节能环保优势、客户资源和品牌优势、拟斥资3000万至6000万元回购公司股份、自愿锁定股份、集泰化工中性硅酮密封胶及水性涂料产业化基地项目、股利分配、稳定股价措施,"公司简介:
    广州集泰化工股份有限公司成立于2006年,是一家以生产化学原料和化学制品制造业为主的重点高新技术企业,产品广泛应用于建筑工程、家庭装修、集装箱制造、钢结构制造、石化装备、船舶游艇等领域。公司经营管理团队在密封胶及涂料领域深耕20余年,在多年的行业实践中积淀了丰富的产业经验和厚实的经营基础,培养了一支诚信稳健、勤奋进取的人才队伍。
    公司长期以来一直将“新技术、新产品”的研发创新作为持续经营发展的首要战略。目前,公司已拥有10项发明专利和1项实用新型专利,并先后参与起草并修订了《中空玻璃用硅酮结构密封胶》、《建筑用阻燃密封胶》、《石材用建筑密封胶》、《集装箱密封胶》、《水性丙烯酸防腐涂料》、《水性环氧防腐涂料(双组分)》、《水性聚氨酯防腐涂料(双组分)》等多个国家、地方或行业标准。公司与华南理工大学已建立起“产、学、研”长期紧密的合作,将纳米改性技术运用到传统涂料生产体系中,开发出多种应用于专业领域的工业水性涂料,具有行业领先水平。
主营业务:
    化学原料和化学制品制造业
所属概念:
    机构重仓,股权激励,新能源车,装配建筑,有机硅","按行业:
    化学原料及化学制品制造业: 100.00%
按产品:
    有机硅密封胶: 68.12%
    水性涂料: 16.65%
    电子胶: 5.93%
    其他: 9.30%
按地区:
    华东地区: 38.25%
    华南地区: 31.09%
    华北地区: 8.80%
    其他: 21.87%",26.81 亿,估值较低,估值较低,估值中等,估值较低,估值较低,20.29,10.06,--,--,--,2021-04-29,0.5629598095970745,30.832224973499,23.8826064981,47.2879377921,1.491053677932,35.1761342525,16.2037603546,35.0821,43.1753040905,8.6428370981,"3月内:
6月内:增持
1年内:买入","2021 | 预测每股收益:0.685000 预测市盈率:16.757329
2022 | 预测每股收益:0.835000 预测市盈率:13.714438
2023 | 预测每股收益:0.000000 预测市盈率:0.000000"
久立特材,002318.SZ,钢铁,"钢铁行业、积极研发新产品、新技术、新材料,加快产品转型升级、提高高端产品市场占有率,提升公司品牌美誉度、精细化管理显成效,节约成本提升效率、不锈钢管行业龙头、客户优势、装备+工艺优势、技术优势、受益相关行业发展、拟不超6亿元战略投资购买永兴特钢股票","公司简介:
    浙江久立特材科技股份有限公司作为久立集团股份有限公司的控股子公司,创建于1987年,座落在“长三角”中心太湖南岸——浙江省湖州市,是一家专业生产工业用不锈钢及特种合金管材、双金属复合管材、管件的上市公司。【股票代码:002318】。公司建有世界先进水平的不锈钢、耐蚀合金、钛合 金、高温合金无缝管(热挤压/穿孔+冷轧/冷拔)生产线和FFX成型、JCO成型等焊接管生产线,始终致力于为油气、电力、核电、LNG等能源装备及石化、化工、船舶制造等行业装备提供高性能、耐蚀、耐压、耐温的不锈钢管;不锈钢、镍基合金、碳钢、合金钢等材料法兰、管件等,管道产销量多年居国内首位。
    公司建有完善的质保体系,包括ISO9001质保体系,ISO14001环境管理体系认证、OHSAS18001职业健康安全管理体系认证,国家质量监督检验检疫总局颁发的《特种设备制造许可证》证书、国家核安全局颁发的《民用核安全机械设备制造许可证》证书、PED97/23/EC欧盟承压设备指令、美国机械工程师协会核质保体系认证(ASME Section Ⅲ NPT包含MO)、美国石油学会API 5LC/5CT/5LD认证,CCS中国船级社、 GL德国劳氏船级社、DNV挪威船级社、BV法国船级社、ABS美国船级社、LR英国劳氏船级社等主要船级社认证证书。
    公司一直认为对产品、材料的研发是核心竞争力水平提升的关键。公司是国家级高新技术企业,建立的“久立研究院”是国家认定企业技术中心、国家认可委员会CNAS认定的钢铁实验室。为油气、火电、核电、LNG等能源装备及化工、煤化工、船舶制造、造纸、机械制造、制药等行业装备提供优质可靠的产品。公司拥有各类授权专利50 多项;由公司主导起草的国家标准、行业标准达10余项。
主营业务:
    工业用不锈钢管及特种合金的管材、管件的研发、生产、销售。
所属概念:
    新材料,核能核电,长江三角,融资融券,页岩气,航母概念,深股通,富时罗素,标准普尔","按行业:
    石油、化工、天然气: 56.04%
    其他不可分行业: 18.36%
    其他机械制造: 17.11%
    电力设备制造: 8.50%
按产品:
    管道件: 59.53%
    其他(补充): 40.47%
按地区:
    境内: 62.68%
    境外: 37.32%",138.95 亿,估值较低,估值较高,估值较高,估值中等,估值中等,20.15,14.22,--,--,--,2021-04-27,0.44341158175074863,41.57235607565,9.1963148035,41.7798318468,1.816880260169,43.9128709563,18.0336193982,11.9659,42.7486154068,11.2182714849,"3月内:增持
6月内:买入
1年内:买入","2020 | 预测每股收益:0.798000 预测市盈率:19.466752
2021 | 预测每股收益:0.894000 预测市盈率:16.838788
2022 | 预测每股收益:1.012000 预测市盈率:14.864535"
电魂网络,603258.SH,互联网服务,游戏行业、精品化网络游戏产品优势、技术研发优势、运营优势、与腾讯签订游戏独家代理协议、股利分配、稳定股价措施,"公司简介:
    杭州电魂网络科技股份有限公司成立于2008年,是一家致力于研发、运营精品化网络游戏的互联网公司在产品的研发上有丰富的经验,对游戏制作有深刻认识和独特见解。电魂通过高效的游戏开发体系、精准的游戏推广方案,以竞技类网络游戏为特色产品,已发展成为集创意策划、美术设计、技术研发、产品开发、游戏推广、运营维护、海外合作于一体的游戏开发商、运营商。
    一直以来,公司秉持“铸就游戏之魂”的使命,致力于产品的自主研发,为用户打造更优秀的精品游戏。一直以来,公司秉持“铸就游戏之魂”的使命,致力于产品的自主研发,为用户打造更优秀的精品游戏。公司于2016年10月26日正式A股上市,注册用户达一亿七千万人,曾被授予中国十大游戏研发商、浙江省著名商标、杭州市企业高新技术研发中心等多项荣誉称号。
    目前,公司在端游、手游、VR、漫画等领域覆盖多款产品,知名游戏包括:梦三国、梦塔防、攻战魏蜀吴、光影对决、瞳、净界之涤等数十款产品,并在中国大陆、香港、台湾、泰国、马来西亚、新加坡、越南、韩国、菲律宾、印度尼西亚、澳大利亚、北美、中东等地形成布局,迈向国际化发展舞台。
主营业务:
    网络游戏产品的研发、制作和运营
所属概念:
    创投,网络游戏,预盈预增,手游概念,上证380,沪股通,电子竞技,富时罗素","按行业:
    网络游戏: 99.48%
    其他(补充): 0.52%
按产品:
    移动端游戏: 50.02%
    客户端游戏: 49.46%
    其他(补充): 0.52%
按地区:
    境内收入: 89.44%
    境外收入: 10.05%
    其他(补充): 0.52%",67.45 亿,估值较低,估值较低,估值较低,估值较低,估值较低,19.07,27.2,--,--,--,2021-04-30,0.5150884776985292,73.08350587774,46.9609248205,25.1081588592,0.588235294118,33.8880871994,27.052090571,14.5098,44.1527301088,59.4076560781,"3月内:增持
6月内:增持
1年内:增持","2021 | 预测每股收益:2.320000 预测市盈率:11.851101
2022 | 预测每股收益:2.831667 预测市盈率:9.715131
2023 | 预测每股收益:3.160000 预测市盈率:8.614827"
拓邦股份,002139.SZ,电子设备制造,仪器仪表行业、电机业务、技术优势、首次回购公司股份102万股,"公司简介:
    深圳拓邦股份有限公司1996年成立于有中国科技“硅谷”之称的深圳高新技术产业园内。经过十几年的高速发展,拓邦现已发展成为以中国领先的智能控制技术为核心,不断拓展其应用领域的中国一流智能控制方案提供商。公司的智能控制器、直流无刷电机、空心杯电机及驱动器、动力锂电池、储能锂电池等产品广泛应用于家庭、工业、医疗等领域,销售遍及全球几十个国家。
    公司的智能控制器产品涵盖家用电器、医疗器械、工业控制、电动工具、家居护理、冰洗卫浴、驱动电源等相关智能控制产品。拓邦集研发、生产和销售于一身,拥有强大的研发团队和专业的自动化生产线,以及完善的售后服务体系;提供优质智能控制解决方案和产品的同时,可提供JDM/ODM/EMS服务。
    公司已获得CNAS实验室认证,同时已通过TS16949:2009/ISO9001:2008质量管理体系、ISO14001:2004环境管理体系、OHSAS18001:2007职业健康安全管理体系认证;推广6SIGEMA、FMEA等国际先进的管理理念;已具备RoHS符合性的检测能力和完备的RoHS保障能力。2007年,拓邦股份在深圳证券交易所成功上市(股票代码002139),作为一家充满社会责任感的公众上市公司,拓邦始终是企业与消费者的忠实伙伴。
主营业务:
    各类电子智能控制产品的设计、开发、加工、制造和销售,主要为家电、汽车、电池等行业提供配套所需的各种电子智能控制产品。
所属概念:
    创投,QFII重仓,深圳特区,物联网,预盈预增,锂电池,太阳能,新三板,智能机器,国家安防,智能家居,阿里概念,人工智能,新能源车,无线充电,深股通,华为概念,无线耳机","按行业:
    智能控制电子行业: 100.00%
按产品:
    家电: 44.03%
    工具: 34.31%
    锂电: 14.22%
    其他: 7.43%
按地区:
    国外: 55.12%
    国内: 44.88%",155.30 亿,估值中等,估值中等,估值中等,估值中等,估值中等,19.04,13.55,--,--,--,2021-04-27,0.5169712962552995,61.267402388998,35.6520902004,47.8805664703,0.369003690037,36.4466724226,27.500756711,25.7083,30.2404211393,29.8397749361,"3月内:买入
6月内:买入
1年内:买入","2021 | 预测每股收益:0.607273 预测市盈率:22.350468
2022 | 预测每股收益:0.769091 预测市盈率:17.696395
2023 | 预测每股收益:0.957500 预测市盈率:14.208426"
七一二,603712.SH,通信设备,计算机、通信和其他电子设备制造业、人力资源优势、行业引领作用与研发创新优势、完备的行业资质、中标2.12亿元轨道交通通信系统设备采购项目、津智资本并购公司控股股东中环集团51%股权、自愿锁定股份、实验测试中心建设项目、新型无线通信系统与终端研发及产业化项目、通信设备与系统生产线升级改造项目、股利分配、稳定股价措施,"公司简介:
    天津七一二通信广播股份有限公司是我国军、民用专网无线通信产品和整体解决方案的核心供应商,是具有八十多年历史的大型电子骨干企业。公司拥有国家级技术中心和国家级工业设计中心,是国家高新技术企业和国家技术创新示范企业。公司主营业务包括军用无线通信、民用无线通信及环保监测三大领域。
主营业务:
    军用无线通信、民用无线通信及环保监测
所属概念:
    军工,机构重仓,预盈预增,融资融券,北斗导航,中证500,无人机,上证380,沪股通,军民融合,MSCI中国,富时罗素,标准普尔","按行业:
    专用无线通信行业: 94.89%
    其他行业: 3.63%
    其他(补充): 1.48%
按产品:
    专用无线通信终端产品: 54.50%
    系统产品: 40.38%
    其他产品: 3.63%
    其他(补充): 1.48%
按地区:
    国内: 98.50%
    其他(补充): 1.48%
    国外: 0.02%",266.19 亿,估值较低,估值中等,估值中等,估值较低,估值较低,18.9,34.48,--,--,--,2021-04-30,0.5844267800528261,51.4794808672,25.9473150688,56.3025501711,0.290023201856,39.1286880768,21.987544631,93.4165,37.0281400508,35.3995371302,"3月内:买入
6月内:买入
1年内:买入","2021 | 预测每股收益:0.929286 预测市盈率:37.136711
2022 | 预测每股收益:1.238571 预测市盈率:27.808942
2023 | 预测每股收益:1.738750 预测市盈率:19.830910"
景津环保,603279.SH,专用设备,通用设备制造业、客户资源优势、技术研发优势、加工工艺、自愿锁定股份、股利分配、稳定股价措施,"公司简介:
    景津环保股份有限公司创立于1988年,位于素有“九达天衢、神京门户”之称的国家园林城市——山东德州,是一家集过滤成套装备制造、过滤技术整体方案解决、环保工程总承包及运营于一体的综合环保服务商,中国环保产业协会副会长单位,压滤机国家标准主起草人,产品远销123个国家和地区。取得了马德里国际商标注册保护。董事长姜桂廷获得“全国五一劳动奖章”、“中国十大杰出企业家”等荣誉。
    景津自主研发的过滤成套装备包括压滤机、振动离心机、搅拌机、输送机、自动加药机、双驱浓密机、刮泥机、滤饼破碎机等,广泛应用于环保、化工、食品、制药、冶金、选煤、尾矿等固液分离领域。新研制的“太阳能污泥一体干燥系统”,能将污泥含水率干化至20%,以节能、环保、低碳的方式实现污泥的高效资源化利用。景津技术研发实力雄厚,建有技术中心及固液分离实验室,先后承担国家重点新产品计划、国家火炬计划、国家水体污染控制与治理科技重大专项等科研项目,取得授权有效专利128项,其中国际PCT专利8项,近三年推出新产品166项。
主营业务:
    主要从事各式压滤机整机及配套设备、配件的生产和销售,致力于为固液提纯、分离提供专业的成套解决方案
所属概念:
    节能环保,上证380,沪股通","按行业:
    通用设备制造业: 99.77%
    其他(补充): 0.23%
按产品:
    压滤机整机: 81.13%
    配件: 16.12%
    其他设备: 2.51%
    其他(补充): 0.23%
按地区:
    国内销售: 95.21%
    国外销售: 4.56%
    其他(补充): 0.23%",102.82 亿,估值较低,估值较高,估值较高,估值中等,估值中等,18.22,24.96,--,--,--,2021-04-29,0.4396946161989687,24.597261293226,0.5567681009,43.3639069228,2.804487179487,35.7024980053,14.6266095999,47.9104,17.9784054414,18.482337618,"3月内:买入
6月内:买入
1年内:买入","2021 | 预测每股收益:1.474286 预测市盈率:16.933494
2022 | 预测每股收益:1.798571 预测市盈率:13.873679
2023 | 预测每股收益:2.135000 预测市盈率:11.711691"
宝新能源,000690.SZ,电力,新能源电力、核心竞争力、新能源--资源综合利用发电、重点筹划项目、节能环保概念、梅州建筑行业龙头、实际控制人--叶华能、与中广核风电签署海上风电联合开发合作意向书、携手中广核风电开发汕尾海上风电场、汕尾后湖海上风电场项目获核准,"公司简介:
    广东宝丽华新能源股份有限公司1997年在深圳证券交易所上市(证券简称:宝新能源000690),以“新能源电力+新金融控股”为双核心业务。旗下有7家全资子公司:广东宝丽华电力有限公司——梅县荷树园电厂、广东陆丰宝丽华新能源电力有限公司——陆丰甲湖湾电厂、陆丰宝丽华风能开发有限公司、广东宝新资产管理有限公司、宝新融资租赁有限公司、广东信用宝征信管理有限公司、广东宝丽华建设工程有限公司。全面建成:梅县荷树园电厂总装机容量147万千瓦,电厂30万千瓦煤矸石CFB发电机组及资源循环利用工程项目获得“广东省科学技术特等奖”、“南方低碳标杆企业”、“2009年度亚洲电力奖——最佳环保电厂奖”称号。在中国资本市场一直以绩优、成长、蓝筹的良好形象,广受市场认同。先后入选上证300、深证100等多个重要指数样本股,连年名列“中国上市公司综合绩效百强榜”、“上市公司整体价值百强排行榜”、“最佳成长上市公司50强”、“中国新能源行业最具影响力品牌”,多次获得“广东十大和谐企业”、“广东省模范集体”、“广东省先进集体”、“中国上市公司董事会金圆桌奖——十佳董事会”、“中国上市公司董事会金圆桌奖——董事会建设特别贡献奖”等荣誉称号。
主营业务:
    新能源发电,金融投资
所属概念:
    新能源,创投,参股券商,深成500,预盈预增,风能,融资融券,海洋经济,中证500,证金持股,深股通,富时罗素,标准普尔","按行业:
    电力: 99.60%
    发电副产品: 0.40%
    融资租赁: 0.00%
按产品:
    电力: 99.60%
    发电副产品: 0.40%
    融资租赁: 0.00%
按地区:
    广东省: 100.00%
    山西省: 0.00%",127.72 亿,估值较低,估值较低,估值较低,估值较低,估值较低,17.89,5.87,--,--,--,2021-04-30,0.4151432423516844,105.830022804477,27.2418181416,43.5296575461,5.11073253833,160.2443000112,41.7291164378,15.3137,2.7030596608,2.2672514182,"3月内:
6月内:买入
1年内:买入","2021 | 预测每股收益:0.860000 预测市盈率:6.841169
2022 | 预测每股收益:0.900000 预测市盈率:6.539919
2023 | 预测每股收益:0.000000 预测市盈率:0.000000"
南都物业,603506.SH,房地产服务,房地产业、机制优势、人员与组织优势、管理与品牌优势、自愿锁定股份、物业管理智能化系统项目、全国物业服务业务拓展项目、社区O2O平台建设项目、公寓租赁服务项目、人力资源建设项目、股利分配、稳定股价措施,"公司简介:
    南都物业服务集团股份有限公司(股票简称:南都物业,股票代码:603506)成立于1994年,自2011年起,南都物业已4届入围中国物业管理协会、中国指数研究院发布的中国物业服务百强企业前30强,并陆续获得商业物业服务特色企业(2013年)、浙江省服务业重点企业(2014年)、物业管理商业模式创新企业(2015年)、中国物业服务领先品牌(2015年)、中国物业服务商办物业管理TOP10(2016年)、中国物业服务行业市场化运营领先企业(2017年)等荣誉称号。
主营业务:
    提供综合物业服务,提供的服务具体分为物业服务与增值服务,其中物业服务包括包干制物业管理服务、酬金制物业管理服务、案场服务和顾问咨询服务;增值服务包括清洁、家政服务、绿化养护、入室维修等服务。
所属概念:
    垃圾分类","按行业:
    物业管理服务: 99.67%
    其他(补充): 0.33%
按产品:
    包干制物业管理服务: 78.89%
    增值服务: 11.59%
    案场服务: 6.56%
    其他: 2.97%
按地区:
    杭州市: 46.08%
    江苏省: 24.01%
    浙江省(除杭州市): 15.14%
    其他: 14.76%",28.80 亿,估值较低,估值较低,估值较低,估值较高,估值较低,17.89,21.47,--,--,--,2021-04-28,0.500446387062836,21.014026744446,13.5805845775,52.1706317018,1.187703772706,22.592054133,19.9247643228,30.434,3.7192356423,2.7963322862,"3月内:
6月内:买入
1年内:买入","2021 | 预测每股收益:1.323333 预测市盈率:16.208479
2022 | 预测每股收益:1.600000 预测市盈率:13.414781
2023 | 预测每股收益:0.000000 预测市盈率:0.000000"
浙江鼎力,603338.SH,专用设备,专用设备制造业、技术创新优势、定制化优势、品牌化优势,"公司简介:
    浙江鼎力机械股份有限公司始建于2005年,总部位于浙江德清,是一家致力于各类智能高空作业平台研发、制造、销售和服务的高端制造企业。公司以高新技术、高端装备、高成长性著称,是国内高空作业平台领先企业,本行业沪市A股上市企业(股票代码:603338)。企业发展,科技先行。浙江鼎力汇聚了一大批全球科技研发精英和工匠级人才,创建欧洲研发中心和省级企业研究院。获得专利200余项,其中发明专利近60项,计算机软件著作权登记证2项,研发出全球首款专用于智能高空作业平台的电气控制系统,是浙江省专利示范企业,国家标准和行业标准制定单位。公司凭借现代化生产设备,打造出节能高效、性能卓越的六大系列80多个规格的高空作业平台,并为客户提供更加安全高效的高空作业系统解决方案,实现了专业化、智能化、系列化、品牌化发展。公司产品广泛应用于建筑业、商业、工业等领域,并延伸至国防军工领域,取得相关认证证书。公司产品通过德国TUV莱茵公司的欧洲CE安全认证,美国ANSI认证,澳大利亚AS/NZS1418认证,俄罗斯CU-TR认证,韩国KC认证,远销欧洲、美洲、亚洲、非洲等80多个国家和地区。
主营业务:
    公司主要从事高空作业机械和工业车辆的研发、生产和销售。
所属概念:
    预盈预增,融资融券,中证500,上证380,沪股通,2025规划,工业4.0,军民融合,MSCI中国,富时罗素,标准普尔","按行业:
    工业: 94.46%
    其他(补充): 5.54%
按产品:
    剪叉式高空作业平台: 76.95%
    臂式高空作业平台: 12.18%
    其他(补充): 5.54%
    桅柱式高空作业平台: 5.33%
按地区:
    中国境内: 59.62%
    中国境外: 34.84%
    其他(补充): 5.54%",430.24 亿,估值中等,估值较高,估值中等,估值较低,估值中等,17.64,88.62,--,--,--,2021-04-29,0.49628958777371524,39.817526918068,71.1556021935,34.9489038049,0.282103362788,58.3571240108,50.9512403664,67.0016,30.7211612047,45.5251161226,"3月内:买入
6月内:买入
1年内:买入","2020 | 预测每股收益:1.909000 预测市盈率:47.418943
2021 | 预测每股收益:2.680000 预测市盈率:33.746332
2022 | 预测每股收益:3.443158 预测市盈率:26.221405"
利民股份,002734.SZ,化肥农药,农药行业、技术创新、品牌优势、规模优势、环保优势,"公司简介:
    利民控股集团股份有限公司是国家定点农药制造骨干企业、中国农药工业50强企业和国家高新技术企业。公司注册资本16470.8953万元,员工1000余人,是中国农药工业协会常务理事单位、中华环保联合会理事单位、中国化工环保协会会员、中国化工行业技术创新示范企业、中国石油和化工优秀民营企业、中国农药行业AAA信用等级企业、中国行业进出口诚信十佳单位、全国质量管理优秀单位、国家“守合同重信用企业”、江苏省“信用管理标杆企业”、江苏省首批“企业信用管理贯标单位”。
    公司的名称由“利民化工股份有限公司”变更为“利民控股集团股份有限公司”。
主营业务:
    农用杀菌剂原药及制剂的研发、生产和销售,主要产品包括代森类、霜脲氰、三乙膦酸铝、嘧霉胺等杀菌剂原药和制剂系列产品;此外还有杀线虫剂威百亩的生产和销售。
所属概念:
    转债标的,消毒剂,蝗虫防治","按行业:
    农药: 88.60%
    兽药: 9.97%
    其他: 1.43%
按产品:
    农用杀虫剂: 43.43%
    农用杀菌剂: 37.97%
    兽药: 9.97%
    其他: 8.63%
按地区:
    国内地区: 57.28%
    国外地区: 42.72%",45.90 亿,估值较低,估值较低,估值较低,估值较低,估值较低,17.48,12.32,--,--,--,2021-04-28,0.4708250210021082,19.922731011998,54.9082952597,51.5180921125,2.029220779221,41.1312930398,45.5389974815,23.7209,22.9084382595,18.5143008279,"3月内:买入
6月内:买入
1年内:买入","2021 | 预测每股收益:1.274286 预测市盈率:9.673173
2022 | 预测每股收益:1.552857 预测市盈率:7.931970
2023 | 预测每股收益:1.864000 预测市盈率:6.611425"
东宏股份,603856.SH,其他建材,橡胶和塑料制品业、品牌优势、产品结构优势、产业链优势、自愿锁定股份、税收优惠,"公司简介:
    山东东宏管业股份有限公司为上交所主板上市企业(股票简称:东宏股份,股票代码:603856),是一家集智能管道系统研发、制造、服务于一体的国家级高新技术企业。多年来,凭借过硬的产品品质和优质的服务,已成为塑料管道行业领军者,是中国塑料管道专业委员会、中国燃气协会、山东省煤矿矿用产品行业协会常务理事单位,跻身国内最具品牌影响力的塑料管道供应商之一。
主营业务:
    从事各类塑料管道的研发、生产及销售
所属概念:
    预盈预增,水利建设","按行业:
    给排水用系列: 53.56%
    其他(补充): 14.57%
    工矿用系列: 12.36%
    其他: 19.51%
按产品:
    涂塑管材管件: 24.01%
    钢丝管材管件: 21.02%
    PE管材管件: 19.94%
    其他: 35.04%
按地区:
    华东: 45.90%
    华北: 19.95%
    其他(补充): 14.57%
    其他: 19.59%",34.78 亿,估值较低,估值中等,估值较低,估值较低,估值较低,17.42,13.48,--,--,--,2021-04-28,0.49591269595862725,58.151891035458,30.1303883704,31.6673498312,2.749690066983,37.7318984967,16.6716478064,16.7059,23.5887224477,26.9152868221,"3月内:买入
6月内:买入
1年内:买入","2021 | 预测每股收益:1.535000 预测市盈率:8.836375
2022 | 预测每股收益:1.860000 预测市盈率:7.289220
2023 | 预测每股收益:2.280000 预测市盈率:5.957942"
斯达半导,603290.SH,电子元件,计算机、通信和其他电子设备制造业、技术优势、满足客户个性化需求、先发优势、自愿锁定股份、股利分配、稳定股价措施,"公司简介:
    嘉兴斯达半导体股份有限公司成立于2005年4月,是一家专业从事功率半导体元器件尤其是IGBT研发、生产和销售服务的国家级高新技术企业,注册资金1.2亿元。总部位于浙江嘉兴,占地106亩。在国内和欧洲均设有研发中心,是国内IGBT领域的领军企业。
主营业务:
    主营业务是以IGBT为主的功率半导体芯片和模块的设计研发和生产,并以IGBT模块形式对外实现销售。
所属概念:
    QFII重仓,智能电网,太阳能,风能,中证500,国产芯片,新能源车,MSCI中国,半导体,第三代半导体,碳化硅","按行业:
    功率半导体器件: 99.62%
    其他(补充): 0.38%
按产品:
    IGBT模块: 94.65%
    其他产品: 4.97%
    其他(补充): 0.38%
按地区:
    亚洲地区: 99.62%
    其他(补充): 0.38%",313.44 亿,估值中等,估值中等,估值中等,估值中等,估值中等,17.31,195.9,--,--,--,2021-04-28,0.8027501793746776,33.563440924876,23.5506790632,18.8108106942,0.173047473201,50.7699263107,30.034021371,876.486,43.5777149533,36.3677437358,"3月内:买入
6月内:增持
1年内:增持","2021 | 预测每股收益:1.630500 预测市盈率:120.823375
2022 | 预测每股收益:2.191579 预测市盈率:89.955908
2023 | 预测每股收益:2.922308 预测市盈率:66.122075"
双箭股份,002381.SZ,橡胶制品,橡胶和塑料制品行业、品牌优势、研发优势、产业链优势、国内输送带龙头、管状输送带、性价比优势、技术+研发优势、全资子公司参股金浦医疗、子公司参与股权投资基金、拟斥资1亿至2亿元回购公司股份、回购公司股份比例达到总股本3%,"公司简介:
    浙江双箭橡胶股份有限公司专业生产“双箭”牌橡胶输送带系列产品,具有年产各类橡胶输送带5000多万平方米。输送带的主要品种有普通型、强力型(尼龙、聚酯、钢丝绳芯),耐酸碱、耐高温、难燃、耐油、耐热、防撕裂、抗穿刺、食品、花纹、管状、挡边、阻燃、耐寒、节能型、芳纶、PVC、PVG输送带、MMT668煤矿井下用钢丝绳输送带等。公司具有一流的生产、检测设备,完善的质量保证体系。已通过IS09001质量体系、ISO14001环境体系、GB/T28001职业健康安全管理体系认证。测量管理体系和国家标准化良好行为企业认证。广泛用于冶金、煤炭、化工、建材、电力、轻工、粮食、矿山、港口等行业,畅销全国,并远销五大洲,年外销量达30%以上。公司在同行中享有较高声誉,被浙江省科技厅等部门认定为“高新技术企业”。公司为中国橡胶工业协会副会长单位,输送带产品国家标准、行业标准的主要起草单位之一。连续七年列入中国输送带行业十强榜首。
主营业务:
    输送带的生产和销售业务
所属概念:
    长江三角,养老概念","按行业:
    胶管胶带: 98.15%
    其他: 1.85%
按产品:
    输送带: 97.17%
    养老服务: 1.24%
    天然橡胶: 0.66%
    其他: 0.94%
按地区:
    内销: 80.49%
    外销: 19.51%",41.49 亿,估值较低,估值中等,估值中等,估值较低,估值较低,16.84,10.08,--,--,--,2021-04-29,0.45116968549275777,26.862181283346,18.7423215038,25.4020345161,4.960317460317,41.0017376253,16.7579698791,5.0746,13.579583093,20.2551268197,"3月内:买入
6月内:买入
1年内:买入","2021 | 预测每股收益:0.863333 预测市盈率:11.664429
2022 | 预测每股收益:1.026667 预测市盈率:9.823161
2023 | 预测每股收益:1.216667 预测市盈率:8.302832"
博实股份,002698.SZ,专用设备,工业智能成套装备行业、产品服务一体化优势、行业地位优势、与万华物资签署战略合作框架协议,"公司简介:
    哈尔滨博实自动化股份有限公司创立于1997年9月,座落在哈尔滨高新技术产业开发区,占地面积十二万平方米,注册资本6.817亿元。公司主要产品及业务包括工业机器人、自动化成套装备及系统解决方案,并提供相关的增值服务。产品主要应用于石油化工、煤化工、盐化工、精细化工、化肥、冶金、物流、食品、饲料等行业的固体物料后处理,包括单机产品、单元产品和系统成套设备,能够满 足客户多层次、全方位的需求。公司是国际上少数几家能够系统完成自主研发、成套生产和配套服务的企业之一。产品覆盖国内除港、澳、台的所有省区,并出口到 欧洲、亚洲、非洲等十余个国家。
主营业务:
    主要从事石化化工后处理成套设备的研发、生产和销售,并为客户提供相关的服务。
所属概念:
    融资融券,3D打印,智能机器,医疗器械,2025规划,人工智能,工业4.0,深股通,富时罗素,标准普尔","按行业:
    智能制造装备: 53.83%
    工业服务: 31.13%
    环保工艺与装备: 15.04%
按产品:
    固体物料后处理智能制造装备: 36.32%
    运营、售后类工业服务: 22.71%
    环保工艺技术及成套装备: 15.04%
    其他: 25.94%
按地区:
    西北地区: 32.05%
    华东地区: 28.48%
    华北地区: 15.51%
    其他: 23.97%",143.87 亿,估值较低,估值中等,估值较低,估值中等,估值较低,16.83,14.07,--,--,--,2021-04-28,0.46953677583447967,31.996903722251,25.2217205941,40.6676883432,1.421464108031,46.2664707331,32.3720743795,13.8609,31.8793052549,28.4413866895,"3月内:买入
6月内:增持
1年内:增持","2021 | 预测每股收益:0.523333 预测市盈率:26.912231
2022 | 预测每股收益:0.690000 预测市盈率:20.339401
2023 | 预测每股收益:0.870000 预测市盈率:16.134120"
天顺风能,002531.SZ,电源设备,风电行业、产业链资源优势、技术创新优势、风电塔架龙头、综合成本优势、认证和质量优势、进军海上风电市场、拟斥资2500万至5000万元回购公司股份,"公司简介:
    天顺风能(苏州)股份有限公司的主要业务是风力发电塔架及其相关零部件产品的生产和销售,产品类型包括以海外市场为主的3.0MW-3.45MW陆上大型风塔、6MW海上风塔及以国内市场为主的2.0MW-3.0MW陆上风塔。公司的主要业务是风力发电厂的开发、建设与运营。公司的主要业务是汽车融资租赁、产业投资以及母基金管理。
主营业务:
    风塔及风塔零部件的生产和销售,主要产品是用于1.5MW及以上功率风机的风塔。
所属概念:
    新能源,深成500,风能,融资融券,证金持股,深股通,富时罗素,标准普尔","按行业:
    风电设备: 89.60%
    风力发电: 8.82%
    其他(补充): 1.58%
按产品:
    风塔及相关产品: 62.76%
    叶片: 26.84%
    发电: 8.82%
    其他(补充): 1.58%
按地区:
    国内贸易: 88.20%
    国外贸易: 11.80%",153.75 亿,估值较低,估值中等,估值较低,估值较高,估值较低,16.8,8.53,--,--,--,2021-04-26,0.44922176087161003,40.603642729092,33.6954015421,53.2840741267,1.758499413834,30.7556454263,35.743208808,10.5978,23.9370706678,20.1019641221,"3月内:买入
6月内:买入
1年内:买入","2021 | 预测每股收益:0.724125 预测市盈率:11.819453
2022 | 预测每股收益:0.844250 预测市盈率:10.147989
2023 | 预测每股收益:0.987917 预测市盈率:8.624388"
中联重科,000157.SZ,专用设备,工程机械行业、战略决策优势、行业整合的先行优势、产品技术优势、行业龙头、技术优势、与人工智能技术公司签署合作协议、与长沙市政府签署《中联智慧产业城项目框架合作协议》、已耗资12.7亿元回购3%公司股份,"公司简介:
    中联重科股份有限公司创立于1992年,主要从事工程机械、农业机械等高新技术装备的研发制造。20多年的创新发展,使中联重科逐步成长为一家全球化企业,主导产品覆盖9大类别、49个产品系列,800多个品种。中联重科先后实现深港两地上市,成为业内A+H股上市公司。目前,公司积极推进战略转型,打造集工程机械、农业机械和金融服务多位一体的高端装备制造企业。中联重科的生产制造基地分布于全球各地,在国内形成了中联科技园、中联麓谷工业园、中联望城工业园、中联泉塘工业园、中联灌溪工业园、中联汉寿工业园、中联德山工业园、中联津市工业园、中联沅江工业园、中联渭南工业园、中联华阴(华山)工业园、中联上海(松江)工业园、中联芜湖工业园、中联开封工业园等十四大园区,在海外拥有意大利CIFA工业园、德国M-TEC工业园、印度工业园、巴西工业园、中白工业园,并将新建土耳其工厂、沙特工厂。公司是国际标准化组织ISO/TC96起重机技术委员会秘书处承担单位,流动式起重机、塔式起重机分技术委员会的国内归口单位,代表中国参与国际标准的制修订;制修订国家/行业标准300余项,推动行业的技术进步。中联重科被科技部、工信部、财政部等国家部委认定为全国首批国家创新型企业、国家技术创新示范企业、国家工业产品生态设计试点企业、国家知识产权示范企业。获得我国混凝土机械行业国家科技进步奖。2014年“超大型塔式起重机关键技术及应用”技术被评为“国家科技进步奖二等奖”。
主营业务:
    公司属于工程机械制造业,公司目前主营工程机械产品及配件的开发、制造和销售,主要生产拖式混凝土输送泵、混凝土泵车等混凝土机械,全液压振动压路机、沥青摊铺机等路面施工机械,道路清扫车等市政环卫机械,塔式起重机,汽车起重机等起重机械。
所属概念:
    节能环保,AH股,HS300_,参股银行,深成500,预盈预增,融资融券,一带一路,证金持股,人工智能,深股通,MSCI中国,深证100R,工业互联,乡村振兴,富时罗素,标准普尔","按行业:
    工程机械: 94.28%
    农业机械: 4.06%
    金融服务: 1.66%
按产品:
    起重机械: 53.60%
    混凝土机械: 29.16%
    其他机械和产品: 7.43%
    其他: 9.82%
按地区:
    境内收入: 94.11%
    境外收入: 5.89%",1065.13 亿,估值中等,估值中等,估值中等,估值中等,估值中等,16.7,12.29,--,--,--,2021-04-30,0.42166196249331905,66.550248754747,50.3413947625,58.8157918702,2.603742880391,76.1559704762,40.9061940295,22.0854,31.6545148314,22.2576111321,"3月内:买入
6月内:买入
1年内:买入","2021 | 预测每股收益:1.127879 预测市盈率:10.668967
2022 | 预测每股收益:1.309394 预测市盈率:9.201344
2023 | 预测每股收益:1.478000 预测市盈率:8.032877"
龙马环卫,603686.SH,专用设备,环卫装备行业、专业化经营与快速灵活的优势、市场地位与品牌优势、研发及新产品优势、市场占有率新高、海口市龙华区环卫一体化PPP项目、中标约9亿元环卫项目、中标两项环卫项目、签署石狮市环卫一体化PPP项目合同、中标13.42亿元环卫一体化项目、中标14亿元环卫外包项目,"公司简介:
    福建龙马环卫装备股份有限公司(股票代码:603686)是环卫清洁装备、垃圾收转装备等环卫装备的研发、生产与销售,以及环卫产业运营服务的环境卫生整体解决方案提供商。公司凭借沉淀多年的强劲实力,2015年成功登陆上交所主板,成为国内专注于环卫领域的上市公司。  多年来公司坚持专业化经营战略,专注于国家环境卫生事业,在环卫装备领域不断探索创新,已形成环卫清洁、垃圾收转和新能源环卫装备三大核心产品体系,30多个系列产品,可广泛满足城乡环卫清洁和垃圾收转等环卫作业需求。产品围绕“节能、环保、智能化”的技术理念及“平台化、模块化、系列化”的设计理念,集成了机电一体化技术、液压技术、智能控制及自动化技术、互联性及物联网等多种先进技术,保证了产品的技术先进性和市场竞争力。
主营业务:
    环卫清洁装备、垃圾收转装备等环卫装备的研发、生产与销售,以及环卫产业运营服务。
所属概念:
    节能环保,QFII重仓,预盈预增,上证380,沪股通,PPP模式,新能源车,富时罗素,垃圾分类,标准普尔","按行业:
    环卫产业服务: 55.61%
    环卫装备制造业: 43.65%
    其他(补充): 0.74%
按产品:
    环卫产业服务: 55.61%
    环卫清洁装备: 23.72%
    垃圾收转装备: 19.19%
    其他: 1.48%
按地区:
    华东: 37.62%
    华南: 20.43%
    华北: 14.63%
    其他: 27.32%",68.21 亿,估值较低,估值较低,估值较低,估值中等,估值较低,16.43,16.41,--,--,--,2021-04-30,0.488173922016948,63.712872714263,28.7476785744,43.253085642,2.315661182206,19.3974900294,20.8402550582,21.3119,18.4140957296,23.0241103049,"3月内:买入
6月内:买入
1年内:买入","2021 | 预测每股收益:1.242941 预测市盈率:13.013587
2022 | 预测每股收益:1.492941 预测市盈率:10.826398
2023 | 预测每股收益:1.770625 预测市盈率:9.097057"
宁夏建材,600449.SH,水泥,水泥行业、产能布局、质量、品牌、资源、公司行业地位、品牌优势、拟收购嘉华固井50%股权 拓展特种水泥产品、公司实控人中国建材集团成为国有资本投资公司试点企业,"公司简介:
    宁夏建材集团股份有限公司是国家重点扶持的60户水泥企业之一,西部地区具有较强竞争力的建材工业企业。2003年8月公司股票在上海证券交易所上市交易(股票简称“宁夏建材”,股票代码:600449)。公司注册资本47818.10万元,公司总部位于宁夏回族自治区银川市;主要经营水泥制造、销售,水泥制品、水泥熟料的制造与销售,混凝土骨料的制造与销售等。现拥有水泥生产企业12家、商混企业4家,固井材料1家,物联公司1家,分布在宁夏、甘肃、内蒙古等省区,年水泥产能2100万吨,商品混凝土年产能1020万方,骨料产能880万吨。截止2018年末,公司总资产71亿元,净资产52亿元。2018年公司实现营业收入41.73亿元,利润总额5.68亿元,归属于母公司的净利润4.28亿元.
    公司主要产品有“赛马”牌、“青铜峡”牌、“双鹿”牌、“宁中宁”牌、“草原”牌普通硅酸盐、硅酸盐水泥及道路硅酸盐水泥、中低热水泥、油井水泥、大坝水泥等,“赛马”商标为中国驰名商标、“青铜峡”、“六盘山”商标为宁夏著名商标。公司始终坚持“始于需求,终于满意”的质量方针,通过质量管理体系、环境管理体系和职业安全健康体系认证。水泥和混凝土产品广泛应用于铁路、高速公路、水利、机场、桥梁等国家和地方重点工程建设项目,深受用户好评。
    公司先后荣获“全国五一劳动奖状”、“全国绿化先进单位”、“全国模范劳动关系和谐企业”、“国家环境保护先进企业”、“全国循环经济工作先进企业”、“全国建材行业“调结构、练内功、增效益”百家优秀企业”、“全国安全生产月活动先进单位”、“全国质量百佳企业”、“全国和自治区“守合同、重信用”单位”、“自治区先进企业”、“自治区十佳企业”、“2014年度最受投资者尊重的上市公司评选入围奖”、“2015年度最受投资者尊重的上市公司评选入围奖”、“2016年度监事会积极进取50强”、国务院国资委授予“先进基层党组织”等荣誉。
主营业务:
    水泥及水泥熟料、商品混凝土和骨料的制造与销售
所属概念:
    融资融券,国企改革,一带一路","按行业:
    建材行业: 95.08%
    其他(补充): 4.44%
    物流行业: 0.48%
按产品:
    水泥及熟料: 79.82%
    商品混凝土: 12.15%
    其他(补充): 4.44%
    其他: 3.59%
按地区:
    自治区外: 56.38%
    自治区内: 39.18%
    其他(补充): 4.44%",66.04 亿,估值较低,估值较低,估值中等,估值较低,估值较低,16.35,13.81,--,--,--,2021-04-29,0.4807341363368758,25.486153915138,6.6633722727,19.361875445,4.851556842867,41.6526002058,4.4613679426,11.458,16.4914700119,10.3971218368,"3月内:买入
6月内:买入
1年内:增持","2021 | 预测每股收益:2.353333 预测市盈率:5.875247
2022 | 预测每股收益:2.666667 预测市盈率:5.180711
2023 | 预测每股收益:2.886667 预测市盈率:4.780091"
杰瑞股份,002353.SZ,石油天然气,石油天然气设备制造及服务行业、各产业协同的一体化发展优势、持续创新的体系优势、良好的财务状况抵御行业寒冬、油田技术综合服务供应商、整体毛利率较高、成本优势、技术优势、拟出资十亿元设立天然气产业链项目投资基金,"公司简介:
    烟台杰瑞石油服务集团股份有限公司凭借在装备制造、技术服务、工程承包、投资运营等方面的实力,我们为客户提供高效灵活的一体化解决方案,解决客户所面临的压力和挑战。在全球,我们的业务已遍及70余个国家和地区,超过5000名的优秀员工,始终秉承“以客户为中心,以奋斗者为本,自我批判、勇争第一”的核心价值观,与客户和合作伙伴携手建设美好世界。
主营业务:
    油田专用设备制造,油田、矿山设备维修改造及配件销售和海上油田钻采平台工程作业服务。
所属概念:
    QFII重仓,深成500,融资融券,海工装备,页岩气,油气设服,中证500,一带一路,深股通,可燃冰,天然气,富时罗素,分拆预期,标准普尔","按行业:
    油田服务及设备: 87.76%
    油田工程及设备: 12.24%
按产品:
    油气装备制造及技术服务: 79.89%
    维修改造及贸易配件: 14.39%
    环保服务: 5.49%
    其他业务收入: 0.23%
按地区:
    国内: 71.21%
    国外: 28.79%",318.58 亿,估值较低,估值中等,估值较低,估值中等,估值较低,16.23,33.26,--,--,--,2021-04-28,0.4273221689341072,24.22910890626,19.7753890548,39.5337603689,0.541190619363,192.1505815628,37.5542089012,14.9811,20.4971254784,15.5498983156,"3月内:买入
6月内:买入
1年内:买入","2021 | 预测每股收益:2.130000 预测市盈率:15.640886
2022 | 预测每股收益:2.583158 预测市盈率:12.949118
2023 | 预测每股收益:2.982667 预测市盈率:11.062084"
一心堂,002727.SZ,医药商业,医药流通行业、集中化多维度领先、立体化的店群经营、全渠道经营网络、久康一心、出资设立一心堂医药投资公司,"公司简介:
    一心堂药业集团股份有限公司创始人阮鸿献先生的事业起步于1981年,至今已经营药品及相关产业近40年。在阮鸿献先生的悉心经营下,公司现已成长为以零售药店连锁经营为核心产业,集药材加工与销售、中西成药批发为一体的大型医药上市公司(股票代码:002727)。截止2018年10月18日,鸿翔一心堂及其全资子公司共拥有直营连锁门店5507家,遍及云南、贵州、广西、四川、山西、重庆、天津、上海、海南、河南10个省、市、自治区,员工达32000人。2017年含税销售逾90亿元,拥有1800万会员,800多万微信粉丝,年服务上亿人次的顾客。在中国医药零售行业权威杂志《中国药店》发布的《2017-2018中国药店发展报告》中,一心堂位列中国药店直营连锁100强领先地位、价值榜100强第二位。在2018年海南西普会金奖颁奖盛典上,一心堂喜获“中国药品零售企业创新力冠军”“中国药品零售企业综合竞争力第1名”的金奖殊荣。
    一心堂,药真价实品种全。依托规模直营优势,一心堂每年通过大批量的采购带给消费者价格尽量低的药品。通过完善的五级质量管理体系,进入一心堂销售的药品都会受到全程质量监控与跟踪,确保药品质量可控。18年来,一心堂不断丰富商品种类,经营过的商品超过8万个,正常在库商品超过5万种,全力做到让消费者想买的药品,都可以在一心堂买到。
改善民众的健康状况是一心堂的使命所在,全面转型大健康药店以来,公司始终以健康类产品经营为核心,致力于为广大民众提供专业、全面的健康解决方案。在全面发展线下业务的同时,一心堂积极迎接互联网和移动互联网化,建设全渠道的销售网络、全渠道沟通网络和全渠道的服务网络。
    除了向社会源源不断地提供健康类产品和服务外,作为一家具有社会责任感的企业,一心堂从2002年起举办健康万里行活动,活动历经15年时光,累计行程超过60万公里,成为名副其实的健康新长征。在每届健康万里行活动中,一心堂都会投入200万元以上用于普及全民健康意识,截至目前,一心堂通过健康万里行活动已帮扶弱势会员上万人,累计帮扶弱势会员支付购药款达五百余万元,让许多弱势人群通过健康万里行的爱心帮扶在生病时得到及时治疗。
主营业务:
    医药零售连锁和医药批发业务,其中医药零售连锁是公司的核心业务。
所属概念:
    基金重仓,生物疫苗,股权激励,深成500,融资融券,中药,电商概念,医疗器械,深股通,互联医疗,富时罗素,标准普尔","按行业:
    零售收入: 92.81%
    批发收入: 5.18%
    其他(补充): 2.01%
按产品:
    中西成药: 69.82%
    医疗器械及计生、消毒用品: 10.74%
    中药: 8.86%
    其他: 10.58%
按地区:
    西南地区: 83.33%
    华南地区: 9.78%
    华北地区: 4.43%
    其他: 2.47%",262.56 亿,估值中等,估值中等,估值中等,估值中等,估值中等,15.81,44.04,--,--,--,2021-04-29,0.4508704957130324,30.805908634187,20.7765226618,38.0327532174,0.681198910082,23.1741275011,17.755235156,36.0377,22.7562953182,19.3374924504,"3月内:买入
6月内:买入
1年内:买入","2021 | 预测每股收益:1.633409 预测市盈率:27.075930
2022 | 预测每股收益:1.995091 预测市盈率:22.168109
2023 | 预测每股收益:2.457333 预测市盈率:17.947276"
长高集团,002452.SZ,输变电设备,"输变电设备行业、清晰的战略发展理念及不断完善的产品种类、研发实力雄厚,技术创新能力强、良好的口碑及一流的质量和服务、高压隔离开关龙头、光电互感器新品引领未来增长、下属全资子公司中标国家电网采购、子公司中标1.06亿元国家电网相关项目设备、拟定增募资不超3.87亿元","公司简介:
    湖南长高高压开关集团股份公司成立于1998年,是一家电力设备制造、工程服务、新能源汽车运营及电力交易运营等产业链齐全的综合集团。长高集团于2010年7月在深交所挂牌上市,是国家认定企业技术中心、国家火炬计划重点高新技术企业、中国电器工业协会理事单位。作为国家电网、南方电网公司集中规模招标合格供应商,长高分别在国家级望城经开区、宁乡高新技术产业园区和衡阳白沙洲工业园设立三大生产基地。近年来,伴随着国家“一带一路”发展战略的深入推进,长高将价值服务延伸到全世界,业务范围已遍布亚洲、欧洲、南美洲、非洲等多个国家,为构建全球能源互联网贡献智慧与力量。现公司主营业务为电力设备,电力工程服务,新能源汽车业务,房地产业务,耐磨材料业务。
主营业务:
    电力设备,电力工程服务,新能源汽车业务,房地产业务,耐磨材料业务
所属概念:
    预盈预增,智能电网,水利建设,特斯拉,充电桩,特高压","按行业:
    输变电设备: 83.93%
    电力能源设计与服务、总包: 8.00%
    新能源发电: 3.30%
    其他: 4.77%
按产品:
    输变电设备产品: 83.93%
    电力设计与服务: 5.01%
    新能源发电: 3.30%
    其他: 7.76%
按地区:
    华东地区: 30.25%
    华中地区: 26.91%
    华北地区: 15.02%
    其他: 27.83%",31.16 亿,估值较低,估值中等,估值较低,估值中等,估值较低,15.72,5.84,--,--,--,2021-04-28,0.41606503135346184,47.054245921884,34.7331797963,59.3943770436,1.198630136986,51.8151422916,3.3260329918,2.2136,28.9414704255,27.3270321362,"3月内:买入
6月内:买入
1年内:买入","2021 | 预测每股收益:0.515000 预测市盈率:11.339758
2022 | 预测每股收益:0.670000 预测市盈率:8.708871
2023 | 预测每股收益:0.865000 预测市盈率:6.753221"
仙琚制药,002332.SZ,化学制药,甾体药物、营销模式日趋成熟、研发技术储备充足、管理机制有效匹配、新药研发、国内甾体药物龙头、原料具备成本转移能力、销售网络优势、原料药和制剂一体化、产品链完整、心脏起搏器,"公司简介:
    浙江仙琚制药股份有限公司(股票代码:002332)前身为仙居制药厂,创建于1972年,是国内甾体药物专业生产厂家,是国家计划生育药物定点生产厂家、国家火炬计划重点高新技术企业、全国守合同重信用企业等。占地面积净650亩,现有员工3900余人,其中技术人员占15%,销售人员占35%,是原料药和制剂综合生产厂家。
    公司产品独树一帜,主营业务为甾体原料药和制剂的研制、生产与销售。主要生产皮质激素类药物、性激素类药物(妇科及计生用药)和麻醉与肌松类药物等三大类。共有近200个品种,拥有300吨原料药、100亿片片剂、5亿粒胶囊、5亿支水针、2000万支冻干粉针剂、3500万支乳膏剂、6000万袋颗粒剂的生产能力。
    目前,公司全部产品均已通过国家GMP认证。维库溴铵、醋酸泼尼松、泼尼松龙、醋酸甲羟孕酮等13个产品获得美国FDA认证通过;醋酸环丙孕酮、泼尼松龙、炔诺酮等9个产品获得了欧盟CEP证书;泼尼松龙、二丙酸倍他米松、戊酸倍他米松通过了韩国KFDA认证;小容量注射剂生产线及综合固体制剂生产线。
主营业务:
    甾体原料药和制剂的研制、生产与销售。
所属概念:
    深成500,长江三角,融资融券,证金持股,深股通,养老金,富时罗素,标准普尔,地塞米松,辅助生殖","按行业:
    医药: 99.75%
    其他(补充): 0.25%
按产品:
    皮质激素: 47.81%
    妇科及计生用药: 20.69%
    麻醉及肌松用药: 13.18%
    其他: 18.32%
按地区:
    国内销售: 66.80%
    国外销售: 33.20%",135.82 亿,估值较低,估值中等,估值较高,估值较低,估值较低,15.25,13.73,--,--,--,2021-04-28,0.4325386501123728,23.256587129805,5.9447832489,47.1583961014,0.674589027674,41.0658517585,13.991382479,14.166,23.4678653912,7.5788928275,"3月内:买入
6月内:买入
1年内:买入","2020 | 预测每股收益:0.537778 预测市盈率:26.805798
2021 | 预测每股收益:0.673333 预测市盈率:21.490692
2022 | 预测每股收益:0.827778 预测市盈率:17.481922"
云南白药,000538.SZ,中药生产,医药行业、民族品牌百年传承、产品创新生生不息、区位优势得天独厚、携中移动发展电商、创投概念、自主定价能力突出、拟逾508亿元吸收合并白药控股、拟斥资至少7.6亿元回购股票、大幅上调证券投资额度至不超30亿元,"公司简介:
    云南白药集团股份有限公司是云南省十户重点大型企业、云南省百强企业,也是首批国家创新型企业,云南白药商标被评为中国驰名商标,是公众喜爱的中华老字号品牌。公司被评为“2009年全国国有企业典型"",2014年获评中国工业领域的最高奖项“中国工业大奖"",是历次评选中入选的云南企业和医药行业企业。
    1902年,彝族名医曲焕章先生集中华传统医学与民族医药之大成,创制云南白药。问世百余年来,云南白药不仅拯救了无数大众百姓的生命,而且在北伐、长征、抗日战争、解放战争等关系中国命运的重大历史事件中发挥了极大的作用,享有“伤科圣药""、“药冠南滇""的美誉。
    云南白药集团正致力打造医药全产业链,业务涵盖中药资源、中西药原料/制剂、个人护理产品、原生药材、商业流通等领域,产品以云南白药系列、天然药物系列及健康护理系列为主,共19个剂型、300余个品种,是拥有两个国家一级中药保护品种(云南白药散剂、云南白药胶囊)、拥有发明专利92项、实用新型21项、外观设计161项的大型现代化制药集团。
主营业务:
    云南白药系列产品和天然植物药系列产品
所属概念:
    HS300_,参股券商,QFII重仓,股权激励,深成500,融资融券,央视50_,中药,医疗器械,独家药品,国企改革,证金持股,健康中国,深股通,超级品牌,MSCI中国,深证100R,工业大麻,富时罗素,标准普尔,口罩","按行业:
    商业销售收入: 64.06%
    工业销售收入: 35.78%
    其他(补充): 0.14%
    其他: 0.02%
按产品:
    批发零售: 64.06%
    工业产品(自制): 35.78%
    其他(补充): 0.14%
    其他: 0.02%
按地区:
    国内: 98.90%
    国外: 1.10%",1482.94 亿,估值较低,估值较低,估值中等,估值中等,估值较低,14.46,116.09,--,--,--,2021-04-28,0.42580147506629806,31.845874486562,10.3762910347,30.5606600002,3.359462486002,20.5972167806,10.4288793152,25.8978,3.5152963276,12.5199682575,"3月内:增持
6月内:增持
1年内:买入","2021 | 预测每股收益:4.469231 预测市盈率:25.970983
2022 | 预测每股收益:4.930000 预测市盈率:23.552975
2023 | 预测每股收益:5.433000 预测市盈率:21.234735"
安徽合力,600761.SH,专用设备,工业车辆行业、自主创新优势、高端制造优势、市场服务优势、叉车行业龙头、对外股权投资、投资设立合力北美(美国)中心,"公司简介:
    安徽合力股份有限公司系安徽叉车集团有限责任公司核心控股子公司,1996年在上海证券交易所上市,注册资本7.402亿元,是我国目前规模大、产业链条完整、综合实力和经济效益好的工业车辆研发、制造与出口基地;是我国叉车行业较早的上市公司,拥有国家级企业技术中心,也是国家创新型企业、国家火炬计划重点高新技术企业、安徽省工程机械建设(合肥)基地领军企业。
    合力叉车主导产品是“合力、HELI”牌系列叉车,在线生产的1700多种型号、512类产品全部具有自主知识产权,产品的综合性能处于国内领先、国际先进水平。
    自1991年起,企业主要经济技术指标连续多年保持国内同行业领军地位。2006年,叉车集团进入世界工业车辆行业10强,2016年位居国际第7位。公司在国内拥有自主营销网络,建立了24个省级营销网络和400多家二级代理销售服务网点,拥有完善、健全的服务体系。
主营业务:
    工业车辆整机、智能物流系统及关键零部件的研发、制造与销售,以及配件服务、融资租赁、车辆租赁、维保服务、再制造等后市场业务
所属概念:
    QFII重仓,融资融券,国企改革,证金持股,新能源车","按行业:
暂无数据
按产品:
    叉车等及配件: 99.01%
    其他(补充): 0.99%
按地区:
    国内: 84.21%
    国外: 14.80%
    其他(补充): 0.99%",91.56 亿,估值较低,估值较低,估值较低,估值较低,估值较低,14.06,12.37,--,--,--,2021-04-27,0.4305835785930315,12.384456628677,26.3212139012,38.7522602042,2.829426030719,19.3221378688,14.6400483143,14.1511,19.354613831,13.2072191457,"3月内:买入
6月内:增持
1年内:增持","2021 | 预测每股收益:1.180000 预测市盈率:10.479776
2022 | 预测每股收益:1.356250 预测市盈率:9.124636
2023 | 预测每股收益:1.580000 预测市盈率:7.826783"
恒林股份,603661.SH,家具,家具制造业、行业地位和企业形象优势、客户资源和销售渠道优势、地理区位和产业集群优势、孙公司收购瑞士FFL100%股权、拟4800万美元投资越南制造基地、自愿锁定股份,"公司简介:
    恒林家居股份有限公司自成立以来一直致力于办公椅、沙发、按摩椅及配件的研发、生产与销售,股票简称:恒林股份,代码:603661。公司是国内领先的健康坐具开发商和目前国内的办公椅制造商及出口商之一。根据中华人民共和国海关总署全国海关信息中心及中国轻工工艺品进出口商会统计,2008年至2017年6月,恒林股份办公椅年出口额稳居同行业前列。
    公司凭借雄厚的技术实力和卓越的产品品质,通过了欧洲、美国和日本等国家和地区知名采购商的严格认证,与全球知名企业IKEA(宜家)、NITORI、Office Depot、Staples(史泰博)、SourceByNet、Home Retail、MGB(麦德龙)建立了长期稳定的合作关系。
主营业务:
    办公椅、沙发、按摩椅及配件的研发、生产与销售
所属概念:
    机构重仓,预盈预增,贬值受益,小米概念","按行业:
    制造业: 99.10%
    其他(补充): 0.90%
按产品:
    办公椅: 48.67%
    沙发: 18.86%
    办公环境解决方案: 17.03%
    其他: 15.45%
按地区:
    境外: 86.50%
    境内: 12.60%
    其他(补充): 0.90%",58.06 亿,估值较低,估值中等,估值较低,估值较低,估值较低,13.69,58.06,--,--,--,2021-04-30,0.4397047425116018,49.254401829283,63.3444655977,45.0426026403,0.482259731312,29.9009318273,35.7529378711,1.6013,41.1468471953,17.9280931861,"3月内:买入
6月内:买入
1年内:买入","2021 | 预测每股收益:5.128333 预测市盈率:11.323147
2022 | 预测每股收益:6.361667 预测市盈率:9.125463
2023 | 预测每股收益:7.776667 预测市盈率:7.465924"
报喜鸟,002154.SZ,服装家纺,服装行业、全渠道营销优势、智能生产优势、客户服务优势、设计优势、工艺装备优势、股股东一致行动人增持1.6021%股份,"公司简介:
    报喜鸟控股股份有限公司,前身为浙江报喜鸟服饰股份有限公司,组建于2001年,是一家以服装为主业,涉足投资领域的股份制企业。2007年,于深交所上市,2017年,更名为报喜鸟控股股份有限公司。目前,公司拥有1500多家实体销售网点及覆盖主流销售平台的线上营销网络,温州、上海、合肥三大生产基地,位列中国服装行业百强企业。
主营业务:
    西服、衬衫等男士系列服饰的生产和销售。
所属概念:
    创投,预盈预增,长江三角,融资融券,电商概念,证金持股,网红直播","按行业:
    纺织服装: 96.67%
    其他(补充): 3.33%
按产品:
    衬衫: 18.54%
    上衣: 17.32%
    西裤: 16.85%
    其他: 47.30%
按地区:
    内销: 100.00%",47.73 亿,估值较低,估值较低,估值较低,估值较低,估值较低,13.2,3.92,--,--,--,2021-04-29,0.43183336818086443,47.381266601139,4.2178970471,31.7958156719,2.551020408163,36.4997827556,17.6769704959,10.1784,50.4126873498,3.2527016393,"3月内:
6月内:中性
1年内:中性","2020 | 预测每股收益:0.260000 预测市盈率:15.104552
2021 | 预测每股收益:0.310000 预测市盈率:12.627086
2022 | 预测每股收益:0.000000 预测市盈率:0.000000"
新华文轩,601811.SH,文娱用品,发行业、拥有强大的发行渠道网络、出版资源优势、获签10亿元教科书和字典采购合同,"公司简介:
    新华文轩出版传媒股份有限公司(以下简称“新华文轩”)于2005年由四川新华发行集团主发起成立,2007年5月在香港联交所主板上市,成为国内出版行业一家H股上市公司。2010年8月,新华文轩以市场化方式,整合四川出版集团下属15家出版单位,打通出版发行产业链。2016年8月,新华文轩成功回A,成为国内一家“A+H”出版传媒企业。
新华文轩以传承中华文明、引领产业发展为使命,聚焦出版传媒主业,在图书出版、报刊传媒、印制生产、物流配送、门店经营、电子商务、教育服务等领域谋篇布局,实施全产业链经营,积极发挥文化服务主力军、传播先进文化主阵地作用。
    新华文轩以“三精”出版为理念引领出版高质量发展,旗下10家图书及音像电子出版单位年出版图书及音像电子出版物6000余种, 13个报刊品牌每年推出大批精品报道,向人民群众奉献精品力作,不断推动文化发展与繁荣。新华文轩实施“多品牌建设、多团队运营、多模式发展”策略,依托全省200余家实体书店和覆盖全国30个省、市的专业商超书店,构建了纵贯省、市、县、社区的阅读服务网络体系;借助科技的力量推出文轩智慧书城、文轩云图智能书店等新业态,为读者提供便捷、舒适、智能和个性化的阅读服务。新华文轩以用心服务教育事业为己任,连续四十年兑现“课前到书、人手一册”的庄严承诺;以创新促发展,探索建立“教育服务+互联网”的经营发展模式和富有创新活力的经营机制,依托覆盖全川的落地销售网络优势,确立了在教学用书、教育信息化和教育装备三大领域的领先地位,助推我国教育事业的发展。新华文轩把握互联网发展机遇,推动电子商务、数字出版和出版供应链服务等新兴业态的发展,打造了文轩网、九月网及中国出版物协同交易平台等全国出版物电子商务领域的领先品牌,稳步向互联网经济转型。为支撑出版发行主业的高速发展,新华文轩着力提升出版供应链服务能力,搭建了完备的印刷物资供应、出版物生产平台,构建了以成都、天津、无锡为中心、辐射全国的物流配送网络,并稳步拓展第三方物流服务。
    在精耕出版发行主业的同时,新华文轩搭建了资本经营平台,积极推进文化艺术、音乐、体育等领域的探索,向多元化的文化产业集团不断迈进。新华文轩积极响应文化“走出去”战略,不断推动国际传播能力建设,每年输出图书版权数百种,设立多个海外机构,助力中国文化走向世界。在发展产业之余,新华文轩始终铭记着回馈社会大众、服务文化事业的责任,积极投身社会公益事业,为满足人们群众的美好文化生活而不懈努力。
    自成立以来,新华文轩销售收入及利润每年均稳步提升,2018年实现营业收入81.87亿元,利润9.27亿元,总资产规模达到132.88亿元。新华文轩敢于创新,锐意进取,其改革和发展一直走在全国前列,是中国出版发行业排头兵、四川文化产业巨头企业,先后被授予“中国出版政府奖·先进出版单位”“全国新闻出版系统先进集体”“全国文化体制改革工作先进单位”“国家文化出口重点企业”“数字出版转型示范单位”等荣誉称号。
    面向未来,新华文轩将以“聚焦出版传媒主业、依托互联网和资本市场转型发展”为战略指引,构筑一流内容资源开发体系、一流教育综合服务体系、一流文化消费服务集成体系,不断提升市场竞争力、产业发展力与文化影响力,向着具有国际影响力的综合性文化服务集团目标砥砺前行!
主营业务:
    出版业务、阅读服务业务和教育服务业务,销售的商品包括自有出版物和外采商品
所属概念:
    AH股,机构重仓,电商概念,上证380,沪股通,区块链,富时罗素,标准普尔,数字阅读","按行业:
    发行: 86.57%
    出版: 27.07%
    其他(补充): 1.50%
    其他: -15.14%
按产品:
    发行分部: 86.57%
    出版: 27.07%
    其他(补充): 1.50%
    其他: -15.14%
按地区:
    四川省内: 72.02%
    四川省外: 26.49%
    其他(补充): 1.50%",128.32 亿,估值较低,估值较低,估值较低,估值较低,估值较低,13.06,10.4,--,--,--,2021-04-30,0.43028993352153055,10.862670580528,1.8727692645,40.902546226,2.980769230769,10.9795021692,7.0357935519,11.335,18.0729594579,9.6129885566,"3月内:增持
6月内:增持
1年内:增持","2021 | 预测每股收益:1.210000 预测市盈率:6.897599
2022 | 预测每股收益:1.410000 预测市盈率:5.930980
2023 | 预测每股收益:1.620000 预测市盈率:5.160221"
宏昌电子,603002.SH,半导体,化工行业、贴近市场优势、技术服务优势、智能制造优势,"公司简介:
    宏昌电子材料股份有限公司(以下简称“宏昌公司”)前身为广州宏昌电子材料工业有限公司,2007年10月31日由外商独资企业变更为中外合资企业,2008年3月5日改制为股份有限公司,并更名为“宏昌电子材料股份有限公司”。宏昌公司主要产品为电子级环氧树脂,为中国最早有能力生产高端电子级环氧树脂的专业生产厂商之一,宏昌公司的高端电子级环氧树脂可完全替代进口电子级环氧树脂,填补中国在高端电子级环氧树脂的空白,为国内使用电子级环氧树脂的企业提供优质、稳定的产品以及全面的技术服务。宏昌电子材料股份有限公司在2012年5月18日,于上海证券交易所挂牌上市,股票简称:宏昌电子。
主营业务:
    主要从事电子级环氧树脂的生产和销售。
所属概念:
    预盈预增,5G概念,PCB","按行业:
    环氧树脂: 67.71%
    覆铜板: 31.71%
    其他(补充): 0.58%
按产品:
    阻燃环氧树脂: 33.47%
    覆铜板/半固化片: 31.71%
    液态环氧树脂: 21.58%
    其他: 13.24%
按地区:
    国内: 91.59%
    国外: 7.83%
    其他(补充): 0.58%",71.15 亿,估值较低,估值较高,估值中等,估值中等,估值中等,12.96,7.78,--,--,--,2021-04-26,0.47323042013439043,38.59075314114,6.5499606868,42.8227009284,3.181233933162,41.8815840805,26.4994642987,15.3642,41.4788049757,29.1430464929,"3月内:增持
6月内:增持
1年内:增持","2021 | 预测每股收益:0.350000 预测市盈率:22.443491
2022 | 预测每股收益:0.390000 预测市盈率:20.041090
2023 | 预测每股收益:0.000000 预测市盈率:0.000000"
火炬电子,603678.SH,电子元件,电子元件行业、差异化竞争策略优势、技术研发领先、长年积累的代理业务优势显著、陶瓷电容器领先企业、具备军工资质+受益军工信息化、拟以4410万元控股天极电子、拟连续三年回购股份 年回购额不超3000万元、发布第三期员工持股计划、控股股东拟以所持不超300万股换购ETF基金份额,"公司简介:
    福建火炬电子科技股份有限公司始创于1989年,现有6家全资子公司及3家控股子公司,主要从事电容器研发、制造、销售和服务工作。作为我国首批通过宇航级产品认证的企业。公司当前已有1000多家用户,产品广泛应用于航空、航天、船舶以及通讯、电力、轨道、新能源等领域。2015年1月,公司在上海证券交易所正式挂牌交易,股票代码:603678。
    公司是国家高新技术企业、福建省“十一五”规划电子元器件发展支柱企业,拥有通过CNAS国家实验室认可的火炬电子实验室、省级企业技术中心、省级工程研究中心,设立国家博士后科研工作站,先后通过了ISO9001质量管理体系、ISO14001环境管理体系、GB/T28001-2011职业健康安全管理体系和SA8000社会责任管理体系认证。截止2019年6月30日已获得发明专利38项,外观专利7项,实用新型91项
    公司通过清晰的产品定位和市场定位,构建稳定、独特、高效的营销模式,形成差异化竞争优势。2016年始,公司布局“元器件、新材料和贸易”三大板块平台战略,借助资本市场,积极向具有渠道和技术协同效应的其他类型元器件产品延伸,全力推进产品核心技术的研发,为我国电子元器件和新材料产业的发展做出贡献。
主营业务:
    公司主要从事电容器及相关产品的研发、生产、销售、检测及服务业务,其主营业务包括自产业务和代理业务。
所属概念:
    军工,新材料,转债标的,基金重仓,机构重仓,预盈预增,融资融券,上证380,沪股通,5G概念,军民融合,MSCI中国,小米概念,富时罗素,MLCC,被动元件","按行业:
    代理: 65.21%
    自产: 33.74%
    其他(补充): 1.05%
按产品:
    代理: 65.21%
    自产: 33.74%
    军品研发: 0.95%
    其他: 0.10%
按地区:
    境内: 96.13%
    境外: 2.82%
    其他(补充): 1.05%",249.56 亿,估值中等,估值中等,估值中等,估值较高,估值中等,12.78,54.27,--,--,--,2021-04-28,0.5248520265488198,46.280789184361,43.2781171467,31.1556483197,0.308352456256,25.3902388621,19.5832421752,53.2828,57.1141197621,46.7308120087,"3月内:买入
6月内:买入
1年内:买入","2020 | 预测每股收益:1.323000 预测市盈率:41.105757
2021 | 预测每股收益:1.805000 预测市盈率:30.099322
2022 | 预测每股收益:2.421000 预测市盈率:22.458061"
广汇物流,600603.SH,房地产开发,家居建材商贸流通行业、区位辐射优势、品牌形象优势、保理业务配套服务优势,"公司简介:
    广汇物流股份有限公司于2016年登陆A股市场,实现了新疆本土商贸物流暨供应链管理企业上市“零”的突破。旗下的美居物流园是传统的以家具、建材及家居用品为主的大型综合性商贸物流企业,是自治区重要的家居建材集散平台和“全国家居建材行业重点流通企业”,经营面积超过70万平方米,商户3000余家,经销商品品种达20万种以上。2018年6月30日开业的K.L星品汇将原有部分业态改造升级,成为以星座主题为核心元素,集IMAX影院、亲子娱乐、运动服装、餐饮酒吧等“体验式消费”商业新地标。重点打造的汇领鲜北站冷链物流基地采用国际先进的NH3/CO2复叠制冷工艺设备、智能物流信息化系统,以13万吨智能化冷库为基础,建设成为冷链仓储、交易、信息、金融、加工配送“五大功能中心”,深入结合广汇集团优质的用户资源、品牌资源以及产业链优势,构建线上线下一体化、市场资源集约化的区域型生鲜供应链平台。未来五年,广汇物流将致力于巩固、提升现有商贸市场业态,发展运输、仓储、贸易和配送等业务,着力布局冷链物流,推动供应链管理,实现传统商贸市场向现代物流转型,努力成为“一带一路”领先的供应链平台运营商。
主营业务:
    物流园区投资、经营和配套服务以及冷链物流项目建设
所属概念:
    一带一路,冷链物流","按行业:
    商品房销售: 92.57%
    物业租赁: 4.84%
    保理业务: 1.01%
    其他: 1.58%
按产品:
    房地产销售收入: 92.57%
    物流园经营收入: 4.84%
    保理业务收入: 1.01%
    其他: 1.58%
按地区:
    疆外: 73.96%
    疆内: 25.81%
    其他(补充): 0.24%",59.96 亿,估值较低,估值中等,估值较低,估值中等,估值较低,12.73,4.77,--,--,--,2021-04-30,0.5078349400642295,1.237930561833,53.1098271723,58.6445945096,6.289308176101,33.468154546,58.6300184976,16.691,51.675593648,12.5986371229,"3月内:买入
6月内:买入
1年内:买入","2021 | 预测每股收益:1.000000 预测市盈率:4.770102
2022 | 预测每股收益:1.090000 预测市盈率:4.379852
2023 | 预测每股收益:1.160000 预测市盈率:4.123809"
威海广泰,002111.SZ,专用设备,技术优势、空港设备龙头、产品品种优势、消防报警设备、与中国航空研究院开展战略合作、再中标有关北京大兴机场设备项目、中标5300万北京首都国际机场采购项目、消防车中标某军品采购、中标军品无人机某型靶机及部分配套设备,"公司简介:
    威海广泰空港设备股份有限公司(简称“威海广泰”,证券代码002111)由李光太先生公司介绍.jpg创办于1991年,位于山东省威海市,是一家集空港地面设备、消防装备、消防报警设备、军工产业、特种车辆、无人飞行器等产业于一体的多元化上市集团,是消防装备、消防报警设备、工业级智能无人飞行器研发、制造与服务的专业公司。威海广泰于2007年1月在深圳证券交易所上市,公司现已通过质量体系认证、环境体系认证等,是国家创新型企业、国家技术创新示范企业、商务部认定对外援助物资项目总承包企业,拥有“国家认定企业技术中心”、“国家空港地面设备工程技术研究中心”及“国家地方联合工程实验室”,设立博士后科研工作站。截止目前,公司已获得577项技术专利,其中75项发明专利、2项美国专利、1项欧洲专利,拥有国家级重点新产品16项,取得国家和省部级科技进步奖43个。
主营业务:
    各类航空地面设备的研究、开发和生产。
所属概念:
    军工,机构重仓,水利建设,通用航空,医疗器械,无人机,军民融合","按行业:
    航空产业: 52.76%
    消防产业: 42.54%
    其他行业: 4.70%
按产品:
    空港地面设备: 50.49%
    消防车及装备: 37.33%
    消防报警设备: 5.21%
    其他: 6.97%
按地区:
    军队: 33.81%
    机场: 21.49%
    消防部队: 18.21%
    其他: 26.49%",74.84 亿,估值较低,估值较低,估值较低,估值中等,估值较低,12.49,19.6,--,--,--,2021-04-30,0.45672694760104304,15.423679090743,16.2083734074,42.4999918879,2.040816326531,50.0793530682,18.0099139903,15.9721,39.2157600277,34.9079845686,"3月内:买入
6月内:买入
1年内:买入","2021 | 预测每股收益:1.400000 预测市盈率:14.040936
2022 | 预测每股收益:1.770000 预测市盈率:11.070738
2023 | 预测每股收益:2.270000 预测市盈率:8.631856"
煌上煌,002695.SZ,食品,酱卤肉制品业、品牌优势、产业化优势、产品工艺研发优势、生产布局贴近市场网络优势,"公司简介:
    江西煌上煌集团食品股份有限公司始创于1993年,由“南昌市皇上皇烤禽社”、“南昌市煌上煌烤禽总社”、“江西煌上煌烤卤有限公司”、“江西煌上煌集团食品有限公司”沿革发展而来。公司是一家以畜禽肉制品加工为主的食品加工企业,2012年9月5日成功在深交所挂牌上市,成为酱卤肉制品行业一股,企业从“小产品”做到了“大品牌”,迈入了快速发展的轨道。公司座落在小蓝经济开发区,拥有大型中式酱卤食品加工工业园和现代化的肉鸭屠宰加工厂区。公司信守“遵守国家法律、恪守行业道德、规范经营行为、执行国家标准、强化流程监控、保证质量安全”的质量管理理念,先后通过ISO9001:2008GB/T19001-2008质量管理体系认证和GB/T22000-2006/ISO22000:2005食品安全管理体系认证。
主营业务:
    酱卤肉制品及佐餐凉菜快捷消费食品的开发、生产和销售。
所属概念:
    融资融券,深股通,富时罗素,地摊经济,拼多多概念,社区团购","按行业:
    食品加工: 97.55%
    其他(补充): 2.45%
按产品:
    鲜货产品: 75.36%
    米制品业务: 17.83%
    包装产品: 3.13%
    其他: 3.68%
按地区:
    国内地区: 100.00%",98.25 亿,估值中等,估值中等,估值中等,估值较高,估值中等,12.48,19.16,--,--,--,2021-04-30,0.48569205698430284,28.037566162981,15.0909828581,18.3369649341,0.678496868476,26.0463811327,18.1349333052,12.4451,20.5734814214,21.9514682179,"3月内:增持
6月内:增持
1年内:增持","2021 | 预测每股收益:0.665333 预测市盈率:28.877857
2022 | 预测每股收益:0.822000 预测市盈率:23.273740
2023 | 预测每股收益:1.011429 预测市盈率:18.994825"
海得控制,002184.SZ,输变电设备,工业自动化控制、产品优势、技术优势、协同优势、智能制造研发,"公司简介:
    上海海得控制系统股份有限公司是国内工业信息化和自动化领域领先的并拥有自主核心技术的产品制造商和系统集成服务商;是上海市高新技术、“科技小巨人”、民营科技百强企业。是《电气时代》中国电气工业百强、自控及仪表行业20强企业;荣获“中国电气工业创新力10强”、“中国电气工业成长力10强”等称号;公司技术中心被市政府认定为“上海市企业技术中心”;“海得”商标荣获上海市著名商标称号。经过二十多年的发展,海得控制已经成长为名列前茅的国内工业自动化上市公司。
    海得控制遵循“协同聚焦”的发展战略,依托公司日趋完善的大功率电力电子、工业自动化与信息化研发平台,致力于风电新能源、装备智能化、工业信息网络、节能降耗等领域相关产品及技术的持续研发,通过不断打造工业智能化产品和提升系统解决方案能力,持续提高大功率电力电子产品的技术先进性,为广大工业用户提供拥有自主知识产权的工业信息化与智能化的控制产品、以自主技术为核心的集成技术服务、以行业应用解决方案为特征的系统工程业务和提供一站式电气自动化及信息化产品的综合配套服务。
主营业务:
    工业自动化领域的系统集成业务和产品分销业务。
所属概念:
    创投,智能电网,太阳能,长江三角,风能,智能机器,2025规划,人工智能,工业4.0,工业互联,边缘计算,数据中心","按行业:
    智能制造: 86.49%
    新能源: 13.51%
按产品:
    工业电气自动化业务: 58.39%
    工业信息化业务: 28.10%
    新能源业务: 13.51%
按地区:
    国内销售: 100.00%",40.15 亿,估值较低,估值中等,估值中等,估值中等,估值较低,12.43,16.77,--,--,--,2021-04-30,0.5528956270278789,142.207562315949,10.0622290471,46.2239817997,0.596302921884,106.0030007171,3.3755050877,8.2351,14.9472485319,24.1649549601,"3月内:买入
6月内:买入
1年内:买入","2021 | 预测每股收益:0.610000 预测市盈率:27.497453
2022 | 预测每股收益:0.810000 预测市盈率:20.587837
2023 | 预测每股收益:0.000000 预测市盈率:0.000000"
益丰药房,603939.SH,医药商业,药品零售行业、区域聚焦和稳健扩张的发展战略、成熟的代理品种模式和专业化顾客服务、不断完善的CRM会员管理系统、拟13.84亿元收购新兴药房86.31%股权、逾1.4亿元收购上海上虹大药房控股权,"公司简介:
    益丰大药房连锁股份有限公司是全国大型药品零售连锁企业, 创立以来,公司始终高举“平价、专业”大旗,秉承“一切以顾客价值为导向”的核心理念,坚持以顾客为中心进行商业模式的创新和变革,为顾客健康提供超值商品和专业服务。2001年6月,益丰大药房首创中南五省“开架自选,平价销售”平价药品超市模式,迅速走向湖南全省市场。2003年,公司改变供应链利益分配方式,说服厂商把巨额广告、营销和中间环节费用让利给顾客,创立顾客、益丰、厂商三方得利的“三得利”经营模式,迅速挺进中南华东,并取得在中南华东的市场领先地位。
主营业务:
    药品、保健品、医疗器械以及与健康相关的日用便利品等的连锁零售
所属概念:
    融资融券,送转预期,电商概念,上证380,沪股通,MSCI中国,互联医疗,富时罗素,标准普尔","按行业:
暂无数据
按产品:
    医药零售: 93.43%
    医药批发: 28.91%
    其他(补充): 2.62%
    分部间抵销: -24.96%
按地区:
暂无数据",480.26 亿,估值较高,估值较高,估值中等,估值较低,估值中等,12.35,86.85,--,--,--,2021-04-30,0.45690715789465874,41.158980150337,27.7164226427,53.3980462343,0.236700229954,34.4170141324,40.141627109,52.8483,38.0926998109,29.7670902373,"3月内:
6月内:买入
1年内:买入","2020 | 预测每股收益:1.434737 预测市盈率:63.959159
2021 | 预测每股收益:1.879474 预测市盈率:48.793762
2022 | 预测每股收益:2.451667 预测市盈率:37.586297"
醋化股份,603968.SH,化学制品,技术优势、产品优势、客户资源优势、企业影响力和地缘优势,"公司简介:
    南通醋酸化工股份有限公司(始创建于1959年的南通醋酸化工厂)是国家高新技术企业、国家火炬计划主要高新技术企业。公司拥有较强的技术创新及产业化能力,建有“江苏省企业技术中心”、“江苏省企业院士工作站”等研发机构,先后承担过“国家六.五、八.五攻关计划项目、“国家火炬计划项目”、“国家星火计划项目”等重大科研项目,拥有多项专利,并通过“产学研一体化”模式,与南京大学、湖南化工研究院等高等院校和科研院所建立了深度合作关系。  公司先后通过了IS09001质量管理体系、ISO14001环境管理体系、GB/T28001职业健康安全管理体系、ISO22000食品安全管理体系的认证。多个产品获得“国家主要新产品”等殊荣,“天柱牌”醋酸衍生物系列产品被评为“江苏省品牌产品”、“江苏省闻名商标”。  公司拥有自营出口权,属外向型出口企业,以个性化服务、双赢理念与国际国内众多企业、跨国公司有着密切的合作,以渠道与终端相结合的模式契合市场,形成稳定的客户群体和市场网络。  公司始终坚持“质量为上,用户至上,持续改进,不断提高”的经营宗旨,不断完善企业内部管理,提高竞争力,以科学发展为指导,走可持续发展之路。
主营业务:
    以醋酸衍生物、吡啶衍生物为主体的高端专用精细化学品的研发、生产和销售。
所属概念:
    代糖概念","按行业:
    食品饲料添加剂: 40.82%
    医药农药中间体: 22.25%
    颜(染)料中间体: 14.31%
    其他: 22.62%
按产品:
    食品饲料添加剂: 40.82%
    医药农药中间体: 22.25%
    颜(染)料中间体: 14.31%
    其他: 22.62%
按地区:
    国外: 50.90%
    国内: 48.33%
    其他(补充): 0.78%",34.25 亿,估值较低,估值较低,估值较低,估值较低,估值较低,11.94,16.75,--,--,--,2021-04-28,0.47514312883314136,25.090476961166,8.41289011,30.463056826,2.985074626866,14.3719532907,19.2904736018,11.7817,14.4696872938,5.9550919116,"3月内:
6月内:买入
1年内:买入","2020 | 预测每股收益:1.240000 预测市盈率:13.537708
2021 | 预测每股收益:1.530000 预测市盈率:10.907771
2022 | 预测每股收益:1.750000 预测市盈率:9.567151"
兴蓉环境,000598.SZ,水务,自来水供应行业、特许经营的政策优势、西部领先的规模优势、良好的品牌影响力、PPP项目、预中标9.56亿PPP项目、拟不超4.5亿元回购1.67%-3.35%股份,"公司简介:
    成都市兴蓉环境股份有限公司是中国大型水务环保综合服务商,主要从事自来水生产与供应、污水处理、中水利用、污泥处置、垃圾渗滤液处理和垃圾焚烧发电等业务,集投资、研发、设计、建设、运营于一体,拥有完善的产业链。公司以民生保障为己任、生态环境保护为目标,坚持可持续发展的理念,致力为客户提供先进的水务环保运营管理、废弃物处置、资源循环利用等综合解决方案。
    作为中国最具影响力的水务环保企业之一,公司拥有70年供水运营管理、30年污水处理运营管理经验,拥有3000余人的专业化运营团队,建立了行业领先的生产数据采集与监控系统、供水管网地理信息系统、管网水力模型系统。公司积极对标国际,所有生产厂均取得ISO9001、ISO14001、OHSAS18001资格认证,确保产品和服务符合国际和国家标准。公司将围绕5至10年奋力打造全球同行业知名企业的奋斗目标,抓住中国国企改革契机,全面稳步推进现代企业制度建设,确保供排水、环保项目安全运行,全力开拓新兴市场。
主营业务:
    自来水生产与供应、污水处理、中水利用、污泥处置、垃圾渗滤液处理和垃圾焚烧发电等业务
所属概念:
    节能环保,深成500,融资融券,举牌,中证500,一带一路,证金持股,PPP模式,深股通,富时罗素,垃圾分类,标准普尔","按行业:
    自来水供应: 53.36%
    污水处理服务: 29.48%
    环保行业: 13.16%
    其它: 4.00%
按产品:
    自来水制售: 37.24%
    污水处理服务: 29.48%
    供排水管网工程: 16.12%
    其他: 17.16%
按地区:
    西南地区: 92.96%
    西北地区: 4.16%
    其他地区: 2.88%",154.69 亿,估值较低,估值较低,估值较低,估值较低,估值较低,11.04,5.18,--,--,--,2021-04-28,0.45073380938690466,20.077991798719,11.0084037446,57.4367513683,1.930501930502,13.172611805,12.9086670478,12.2592,10.4879725502,15.6913416587,"3月内:买入
6月内:买入
1年内:买入","2021 | 预测每股收益:0.480000 预测市盈率:10.782687
2022 | 预测每股收益:0.540000 预测市盈率:9.587052
2023 | 预测每股收益:0.623333 预测市盈率:8.312645"
精工钢构,600496.SH,钢结构,绿色集成建筑行业、集成服务优势、业务协同优势、技术优势、国内钢结构龙头企业、子公司中标11.28亿元装配式建筑项目、联合中标23.5亿元工程EPC项目、联合中标逾6亿元EPC总承包项目、董事长提议拟5000万元至3亿元回购股份,"公司简介:
    长江精工钢结构(集团)股份有限公司(证券代码:600496.SH)成立于1999 年,是一家集国际、国内大型建筑钢结构、钢结构建筑及金属屋面墙面等的设计、研发、销售、制造、施工于一体的大型上市集团公司,在全国钢结构行业排名中连续六年蝉联。
主营业务:
    钢结构建筑提供设计、采购、加工、施工、运营维护等服务。
所属概念:
    参股银行,预盈预增,证金持股,雄安新区,数据中心,装配建筑,光伏建筑一体化","按行业:
    钢结构行业: 76.93%
    集成及EPC: 20.75%
    其他(补充): 1.31%
    其他: 1.01%
按产品:
    工业建筑: 49.28%
    EPC: 20.10%
    公共建筑: 15.09%
    其他: 15.53%
按地区:
    华东地区: 54.79%
    华南地区: 11.15%
    华中地区: 7.01%
    其他: 27.04%",101.85 亿,估值较低,估值较低,估值中等,估值中等,估值较低,11.03,5.06,--,--,--,2021-04-28,0.46073854455698127,60.694639620438,12.1985152302,56.7216698916,0.592885375494,118.625663791,20.6883570598,14.1009,24.0923145957,22.3358808233,"3月内:买入
6月内:买入
1年内:买入","2021 | 预测每股收益:0.402353 预测市盈率:12.664050
2022 | 预测每股收益:0.499412 预测市盈率:10.203715
2023 | 预测每股收益:0.617857 预测市盈率:8.138019"
金海高科,603311.SH,通用设备,家用电器行业、技术研发优势、工艺水平优势、客户资源优势、税收优惠,"公司简介:
    浙江金海高科股份有限公司(证券代码:603311)成立于1992年,是全球知名的高性能过滤材料的专业生产企业、国家重点高新技术企业、国家火炬计划和星火计划的承担单位,是中国制冷空调工业协会常务理事单位、亚洲非织材料协会(ANFA)理事单位、中国空气净化联盟副理事长单位。公司主要产品为高性能过滤材料、过滤网、空气净化过滤器、新风系统过滤器、汽车空调过滤器、轨道交通空调过滤器、油烟过滤器、换气扇过滤器、OA过滤器、空调风轮和全热交换器及杀灭流感和病毒的空气净化器、车载净化器等。公司通过了ISO9001、ISO14001、ISO50001、ISO/TS16949等认证,并获得美国UL、美国ETL、欧盟CE等认证。 公司致力于环保行业,研发、制造、销售高性能过滤材料(过滤效率可达99.97%以上)和功能性过滤材料(病毒杀灭、强力除臭、除甲醛、驱蚊驱蝇等),有效去除PM2.5、花粉,适用于空气净化器、家用/商用/中央空调,新风净化系统、汽车/火车/飞机/船舶空调等空气净化系统。 公司在浙江、珠海、苏州、泰国设立工厂,在日本设立株式会社,在四川、山东、武汉等地设立办事处,同时在日本、印度、东南亚、韩国、美国、土耳其、以色列、沙特、英国、比利时、捷克、巴西、墨西哥、澳大利亚等国家和地区建立了销售网络,与家用、商用、中央空调及汽车制造企业建立了长期的合作关系。 公司目前拥有省级环保材料企业研究院、博士后工作站、省级企业技术中心,先后承担了“高中效空气过滤器”、“MBP-PPK抗菌防霉过滤网”、“儿茶素空气过滤网、“交点粘结高密度功能性空气过滤网”、“免清洗净化抗菌导电高密度空气过滤网”等国家星火计划、国家火炬计划、国家创新基金项目,承担了“PM2.5空气过滤器的关键技术研究与应用”浙江省重大社会发展项目,以及“负离子空气过滤网”、“冷触媒蜂窝过滤网”、“PET高效率空气过滤网”、“抗菌净化空气过滤器”、“空调新风系统用PM2.5空气过滤器”、“空调新风系统用SO2/NO2脱臭过滤器”等20余项省级科研项目,驱蚊过滤材料经中国疾病预防控制中心寄生虫预防控制所检测确认有很好的驱蚊效果。 目前公司拥有合计54项专利技术,其中22项为发明专利,参与制定的6项国家标准、11项行业标准和20项团体标准已经颁布实施。 公司检测中心获得中国合格评定国家认可委员会(CNAS)实验室认可证书,可以对过滤材料、过滤网、过滤器、空气净化机等产品项目开展检测和试验。 公司自2008年起连续被浙江省认定为高新技术企业;被科学技术部认定为国家火炬计划重点高新技术企业(2004年起取得);此外,还被认定为浙江省绿色企业(清洁生产先进企业)、浙江省创新型示范企业、浙江省专利示范企业、浙江省标准创新型企业、浙江省省级企业研究院。 公司经营范围:研究、开发、生产及销售过滤材料、过滤网及网板、过滤器、热交换器、加湿器、除湿器、空气清新机、塑料制品及组件、模具、特种劳动防护用品、卫生用品和一次性使用医疗用品、用于传染病防治的消毒产品、第一类医疗器械、第二类医疗器械,从事货物及技术的进出口业务。 从经营范围可以说明,高效的功能性过滤材料不仅应用在空气净化系统产品中,通过功能拓展,还可应用在医疗防护用品中。
主营业务:
    高性能过滤材料、功能性过滤材料、功能性过滤网及各类过滤器等产品
所属概念:
    节能环保,口罩","按行业:
    空气过滤器: 56.29%
    空调风轮及周边产品: 35.51%
    其他(补充): 0.45%
    其他: 7.75%
按产品:
    空气过滤网及网板: 47.58%
    空调风轮及周边产品: 35.51%
    过滤器: 8.72%
    其他: 8.20%
按地区:
    国外: 53.08%
    国内: 46.47%
    其他(补充): 0.45%",23.69 亿,估值较低,估值较低,估值较低,估值较低,估值较低,10.97,11.28,--,--,--,2021-04-28,0.5305730814703267,16.526329080423,6.859514663,30.0952412583,1.77304964539,5.100092016,9.9190722852,14.5613,33.5667913593,32.2854430345,"3月内:增持
6月内:增持
1年内:增持","2021 | 预测每股收益:0.593333 预测市盈率:18.998022
2022 | 预测每股收益:0.736667 预测市盈率:15.280938
2023 | 预测每股收益:0.750000 预测市盈率:14.992405"
北部湾港,000582.SZ,港口航运,港口行业、综合优势、港口物流、海上丝路邮轮航线、中西南与东盟物联网络、整体上市、泊位粮食输送改造工程、控股股东提议公司以1.5亿-3亿元回购股份,"公司简介:
    北部湾港股份有限公司成立于1989年,原名为北海新力实业股份有限公司,1993年北海港务局以全部经营性资产入股公司,自此公司转型主营港口行业,1995年公司股票在深圳证券交易所挂牌上市,是广西领先的上市公司之一(证券代码:000582)。为贯彻执行广西壮族自治区实施北部湾港口整合的重大战略,广西北部湾国际港务集团于2009年10月通过无偿划转北海市政府持有公司的控股股权,成为公司控股股东。2013年12月,公司实施重大资产重组,向广西北部湾国际港务集团发行股份6.9亿股购买其所属防城港、钦州港、北海铁山港等40个码头泊位51.8亿元的资产,实现了北部湾三港整体上市,并更名为北部湾港股份有限公司,成为广西市值领先的上市公司。2015年6月,荣获中国上市公司综合百强奖。截至2016年底,公司总资产约123亿元,总股本约9.54亿股,总市值超过150亿元。
    公司是广西北部湾港的运营商,港口区域包括防城港区、钦州港区、北海港区。公司运营管理的广西北部湾港地处华南、西南和东盟经济圈结合部,是我国沿海24个主要港口之一和“一带一路”海陆衔接的重要门户港,是我国内陆腹地进入中南半岛东盟国家最便捷的出海通道,具有大型、深水、专业化码头群的规模优势,装卸作业货类涵盖交通部对沿海港口分类货物吞吐量统计所列的17类货物,与100多个国家和地区的250多个港口有贸易往来。截至2017年1月底,拥有及管理泊位83个,其中生产性泊位79个,万吨级以上泊位61个,10万吨级以上泊位24个,年吞吐能力超过2亿吨,集装箱年通过能力468万标箱。
    根据习近平总书记对广西发展做出“加快构建面向东盟的国际大通道,打造西南中南地区开放发展新的战略支点,形成21世纪海上丝绸之路与丝绸之路经济带有机衔接的重要门户”三大新定位,公司将紧紧抓住“一带一路”重要历史机遇,深入实施“一轴两翼”战略,适应新常态,展现新作为,争创新业绩,深化改革创新,加快转型升级,释放“海”的优势,做足“通”的文章,形成“群”的合力,加快构建联通西南内陆、辐射东南亚的区域综合性枢纽港和集装箱干线港,努力打造成为全国沿海标杆性港口企业,为促进区域经济社会又好又快发展作出新的更大贡献!
主营业务:
    港口码头的建设、装卸管理及服务、交通运输、外轮代理、外轮理货等。
所属概念:
    深成500,一带一路,深股通,富时罗素,标准普尔,RCEP概念","按行业:
    港口板块: 100.00%
按产品:
    装卸堆存收入: 90.03%
    拖轮及港务管理收入: 8.09%
    其他(补充): 0.97%
    其他: 0.91%
按地区:
    国内: 100.00%",163.91 亿,估值较低,估值较低,估值较低,估值较低,估值较低,10.9,10.03,--,--,--,2021-04-27,0.4937760523821352,9.292700259588,11.8987122911,38.0234486984,1.85443668993,21.8158798979,13.0536488532,15.7355,26.1053071254,13.7049429637,"3月内:增持
6月内:增持
1年内:增持","2021 | 预测每股收益:0.830000 预测市盈率:12.083245
2022 | 预测每股收益:0.995000 预测市盈率:10.099150
2023 | 预测每股收益:1.170000 预测市盈率:8.597389"
江苏神通,002438.SZ,通用设备,阀门行业、产品领先优势、技术优势、质量管理优势、冶金特种阀门，核电阀门龙头、核电阀门、冶金阀门、合作研发优势、获宁波聚源瑞利举牌、宁波聚源瑞利举牌 持股比达15%,"公司简介:
    江苏神通阀门股份有限公司位于江苏省启东市南阳镇,是国家级高新技术企业、江苏省创新型企业、节能减排示范企业和江苏省知识产权管理标准化示范企业;建有国家博士后科研工作站、江苏省工程技术研究中心、江苏省核电阀门重点实验室;公司是中国阀门行业协会副理事长单位、全国阀门标准化技术委员会蝶阀工作组组长单位、宝钢设备与备件联合研制供应中心成员单位、中国石油化工集团公司物资供应网络成员单位、中广核核电设备国产化联合研发中心成员单位。拥有民用核安全设备设计和制造许可证、压力容器和压力管道元件特种设备制造许可证。通过了美国石油学会API6D、API609认证以及ISO9001质量管理体系、ISO10012测量管理体系、ISO14001环境管理体系、GB/T28001职业健康安全管理体系认证。  专业从事新型特种阀门研究、开发、生产与销售,拥有有效专利109项,主要生产包括蝶阀、球阀、闸阀、截止阀、止回阀、调节阀、特种专用阀等七个大类145个系列2000多个规格的产品,这些产品广泛应用于冶金、核电、火电、煤化工、石油和天然气集输及石油炼化等领域。“神通”牌和“蝶球”牌冶金特种阀门主要应用于冶金行业的高炉煤气干法除尘与煤气回收等节能减排系统,主导产品国内市场占有率达70%以上。核电蝶阀、球阀产品方面的国内市场占有率达90%以上。
主营业务:
    应用于冶金领域的高炉煤气全干法除尘系统、转炉煤气除尘与回收系统、焦炉烟气除尘系统、煤气管网系统的特种阀门以及应用于核电站的核级蝶阀、核级球阀、非核级蝶阀、非核级球阀等产品的研发、生产和销售。
所属概念:
    军工,节能环保,核能核电","按行业:
    冶金行业: 30.97%
    能源行业: 27.39%
    核电行业: 21.79%
    其他: 19.85%
按产品:
    法兰及锻件: 25.40%
    蝶阀: 23.46%
    非标阀门: 11.36%
    其他: 39.78%
按地区:
    华东: 41.31%
    华北: 22.88%
    华南: 9.05%
    其他: 26.75%",62.91 亿,估值较低,估值中等,估值较低,估值中等,估值较低,10.48,12.95,--,--,--,2021-04-27,0.4356043107442372,25.577249812845,17.6032762535,39.7821010593,0.3861003861,51.2794265912,28.0219333606,8.8058,43.8850623903,32.2771789298,"3月内:买入
6月内:买入
1年内:买入","2021 | 预测每股收益:0.635000 预测市盈率:20.237235
2022 | 预测每股收益:0.829000 预测市盈率:15.508156
2023 | 预测每股收益:1.028571 预测市盈率:12.607272"
莱宝高科,002106.SZ,电子器件,触摸屏、拥有较强技术优势、产品丰富且规格齐全、拥有前瞻性技术储备、行业地位,"公司简介:
    深圳莱宝高科技股份有限公司(以下简称“公司”)是专业研发和生产平板显示上游材料及触控器件的厂商,成立于1992年7月21日。2007年1月12日在深圳证券交易所上市(股票代码:002106),注册资本70581.616万元。
    公司的主导产品包括中小尺寸(10英寸以下为主)平板显示器件用ITO导电玻璃、彩色滤光片(CF)、TFT-LCD面板和电容式触摸屏(目前以中大尺寸产品为主,10-27英寸),可提供完整的平板显示材料的技术解决方案,产品规格品种齐全,广泛应用于智能手机、平板电脑、触控笔记本电脑、一体化计算机等消费电子应用领域及车载仪器仪表、医疗、工业控制面板等专业应用领域。
    公司高度重视新产品、新工艺、新技术的研发,以自主掌握核心技术作为持续发展动力,公司自主研发出一体化电容式触摸屏(OGS)产品,拥有自主知识产权的专利,而且公司在OGS产品方面拥有从玻璃基板至成品的全制程、一站式交付供应的优势。截至目前,公司共计申请、授权230多项专利。公司具有强大的新产品、新技术的开发能力,每年开发新产品200多种。公司的ITO导电玻璃被评为广东省重点新产品;彩色滤光片被认定为“国家重点新产品”,电容式触摸屏被认定为“深圳市重点自主创新产品”。
主营业务:
    ITO 导电玻璃和彩色滤光片的研发、生产和销售。
所属概念:
    新材料,深圳特区,太阳能,融资融券,石墨烯,OLED,深股通,小米概念,华为概念,富时罗素","按行业:
    电子元器件: 98.41%
    其他(补充): 1.59%
按产品:
    显示材料及触控器件: 98.41%
    其他(补充): 1.59%
按地区:
    中国大陆以外地区销售: 89.63%
    中国大陆销售: 10.37%",85.26 亿,估值较低,估值较低,估值较低,估值中等,估值较低,10.37,12.08,--,--,--,2021-04-28,0.47167878332645113,55.433069413705,40.5932629125,28.6712848843,1.241721854305,45.9537546858,19.1699291985,5.6433,28.5863166754,18.526230863,"3月内:买入
6月内:买入
1年内:买入","2021 | 预测每股收益:0.806667 预测市盈率:15.135371
2022 | 预测每股收益:0.910000 预测市盈率:13.462515
2023 | 预测每股收益:1.046667 预测市盈率:11.506423"
保税科技,600794.SH,物流,仓储行业、规模优势、区位优势、码头优势、拟出售江苏化工品交易中心40%股权,"公司简介:
    张家港保税科技(集团)股份有限公司是在上海证券交易所挂牌交易的A股上市公司,证券代码为600794,简称“保税科技”,注册、办公地址江苏省张家港保税区石化交易大厦27-28层。公司的前身为云南大理造纸股份有限公司,于1997年3月上市,当时的主营业务是机制纸制造、纸制品加工等。张家港保税区于1999年6月对该公司实施收购,成为“大理造纸”的一大股东,随之更名为云南新概念保税科技股份有限公司,实现了张家港市上市公司零的突破,成为张家港市上市公司。公司在2001年成功配股后,逐渐地将主营业务调整为港口、码头、物流业,2009年7月将公司注册地迁回至江苏省张家港保税区,公司名称变更为张家港保税科技股份有限公司。经过几年的努力,保税科技现已发展成为拥有多家子公司的集团型企业,行业涵盖化工仓储、贸易及物流运输业,其中子公司张家港保税区长江国际港务有限公司拥有109万立方的库容(含在建),拥有30,000吨级、50,000吨级散装液体石化产品专用码头各1座,500吨级内河十字港疏运码头2座。经营范围:生物高新技术应用、开发;高新技术及电子商务、网络应用开发;港口码头、保税物流项目的投资;其他实业投资。
主营业务:
    涵盖液体化工、固体干散货仓储综合服务,为液体化工产品的生产厂商和贸易商等提供智慧物流服务和供应链金融解决方案,适量参与化工品贸易和相关代理业务。
所属概念:
    长江三角,电商概念,举牌,IPO受益","按行业:
    化工品贸易: 72.06%
    码头仓储(液化): 22.37%
    仓储(固体): 2.24%
    其他: 3.32%
按产品:
    化工品贸易: 72.06%
    码头仓储(液化): 22.37%
    仓储(固体): 2.24%
    其他: 3.32%
按地区:
    中国境内: 99.47%
    其他(补充): 0.53%",41.58 亿,估值较低,估值较低,估值较低,估值较低,估值较低,10.34,3.43,--,--,--,2021-04-30,0.4618114555858593,35.048947230302,9.983313272,27.1413228989,0.437317784257,43.2426851402,25.3331552198,12.0943,32.6557028652,17.087981284,"3月内:买入
6月内:增持
1年内:增持","2021 | 预测每股收益:0.235000 预测市盈率:14.735715
2022 | 预测每股收益:0.250000 预测市盈率:13.712219
2023 | 预测每股收益:0.290000 预测市盈率:11.981792"
航天发展,000547.SZ,通信设备,"通讯行业、齐备的资质和先进的技术实力、强大的央企背景和优质的客户资源、高素质的核心团队和雄厚的资本优势、拟7.85亿元参与设立微系统研究院、拟收购三家公司股份,拓展信息安全业、拟发行股份收购信息安全资产","公司简介:
    航天工业发展股份有限公司是中国航天科工集团公司通过反向收购而新组建的第7家上市公司,在深圳证券交易所上市。
   航天发展以军用产业、军民融合产业为主要业务板块,以信息技术作为主业和基业,旗下拥有南京长峰航天电子科技有限公司、重庆金美通信有限责任公司、北京欧地安科技股份有限公司、福州福发发电设备有限公司、福建凯威斯发电机有限公司、航天科工系统仿真科技(北京)有限公司等多家在行业内处于竞争优势的子公司。公司研发、生产场地总面积达9.07万平米,南京高新技术开发区建设了一个占地3.33万平米的科技产业园区。公司目前拥有航天科工集团公司通信网络技术中心、电磁防护技术研发中心、精密电子研发中心、环境试验中心、射频仿真及电子模拟系统工程技术研究中心等具有实力的技术研究中心。
主营业务:
    电子蓝军及仿真应用、指控通信、电磁安防和发电设备制造
所属概念:
    军工,参股券商,深成500,融资融券,海工装备,北斗导航,大数据,网络安全,国企改革,中证500,5G概念,深股通,军民融合,MSCI中国,富时罗素,标准普尔,氮化镓,天基互联","按行业:
    防务装备产业: 60.99%
    装备制造产业: 29.96%
    信息技术产业: 8.25%
    其他民用三产: 0.79%
按产品:
    数字蓝军与蓝军装备产品: 48.88%
    海洋信息装备产品: 26.98%
    5G通信与指控装备产品: 12.11%
    其他: 12.03%
按地区:
    华东地区: 39.00%
    华北地区: 37.57%
    华中地区: 8.71%
    其他: 14.72%",289.30 亿,估值中等,估值较高,估值中等,估值中等,估值中等,9.94,18.02,--,--,--,2021-04-28,0.525347455656777,35.787706146168,22.3664444165,27.7846426196,0.488424529113,40.3943003022,25.5282691443,17.4286,32.3583187007,23.7419171642,"3月内:买入
6月内:买入
1年内:买入","2020 | 预测每股收益:0.545000 预测市盈率:32.588135
2021 | 预测每股收益:0.750000 预测市盈率:24.279425
2022 | 预测每股收益:0.985000 预测市盈率:18.551270"
康达新材,002669.SZ,化学制品,化工行业、持续的创新能力、优秀的技术团队、高性价比的产品、拟1.125亿元收购易快来25%股权、与某军工电子通信企业签订1.72亿元产品购销合同,"公司简介:
    上海康达化工新材料集团股份有限公司主要从事结构胶粘剂的研发和生产、销售的科研产业实体,拥有改性丙烯酸酯胶、有机硅胶、环氧树脂胶、聚氨酯胶、PUR热熔胶、SBS胶等多种类型,300多种规格型号的产品,主要应用于风力发电、光伏太阳能、轨道交通、航空航天、海洋船舶工程、软包装复合、橡塑制品、建筑工程、家用电子电器、汽摩配件、电机、电梯、矿业设备、工业维修等多个领域。2012年4月,公司成功登陆A股市场,已发展成为中国巨大的结构胶粘剂和工业胶粘剂供应商之一。
    康达新材密切关注新能源产业和节能环保等新兴产业的发展,并一贯重视自主创新,研发投入,产品研发能力不断加强,被评为首批“上海市创新型企业”,其下属机构上海康达化工技术研究所为上海市认定的企业技术开发机构。2010年建立浦东新区企业博士后科研工作分站,研究所下属检验中心获得“国家实验室认可委”的国家资质认证,2015年获得了德国劳氏船级社的合作实验室认可,尤其致力于新材料领域内的产品开发、技术服务、技术咨询。
主营业务:
    胶粘剂的研发、生产、销售和服务。
所属概念:
    军工,新材料,风能,军民融合,天基互联,航天概念","按行业:
    胶粘剂: 87.42%
    电子产品: 10.46%
    其他(补充): 2.10%
    轮胎加工销售: 0.02%
按产品:
    环氧胶类: 60.97%
    聚氨酯胶类: 12.11%
    其他胶粘剂产品: 5.92%
    其他: 21.01%
按地区:
    华东地区: 34.21%
    华北地区: 27.29%
    华中地区: 13.40%
    其他: 25.10%",32.39 亿,估值较低,估值较低,估值较低,估值较低,估值较低,9.59,12.83,--,--,--,2021-04-27,0.4652572792288401,53.616849820285,81.2383317221,29.3589098234,1.558846453624,69.9794677977,52.0344230295,9.7314,50.6943002961,15.1575549473,"3月内:
6月内:买入
1年内:买入","2021 | 预测每股收益:1.280000 预测市盈率:9.998408
2022 | 预测每股收益:1.510000 预测市盈率:8.524958
2023 | 预测每股收益:0.000000 预测市盈率:0.000000"
宝钛股份,600456.SH,稀有金属,钛行业、国际领先核心技术、国际先进水平的技术标准、钛行业龙头、研发优势+军工题材,"公司简介:
    宝鸡钛业股份有限公司成立于1999年7月21日,由宝钛集团有限公司(原宝鸡有色金属加工厂)作为主发起人设立。公司是中国大型的钛及钛合金生产、科研基地,是国家高新技术企业,所在地被誉为“中国钛城”、“中国钛谷”。
    公司总资产60余亿,截止2017年12月25日公司在册员工总人数2784人。建立起“海绵钛、熔铸、锻造、板材、带材、无缝管、焊管、棒丝材、铸造、原料处理”十大生产系统,形成30000吨钛铸锭和20000吨钛加工材生产能力。公司主体装备由美、日、德、奥等十五个国家引进,2400W电子束冷床炉、15t/10t真空自耗电弧炉、万吨自由锻压机、2500t快锻机、高速棒丝生产线、钛带生产线(MB22-TI型二十辊冷轧机)、3.3米宽厚板生产线等都代表了同行业国际先进水平,这也使我国成为继美、日、俄后第四个拥有完整钛工业产业链的国家。
    作为中国钛、锆等稀有金属国标、国军标等标准的重要制定者,宝钛股份以技术创新、产业升级为依托,引领中国钛工业发展,建立起了完备的质保体系。先后取得了武器装备科研生产许可证和全国工业产品生产许可证,通过了国内外多项(ISO9001:2008质量体系、GJB9001B:2009质量体系、法国BVC认证公司AS/EN9100C标准宇航质量体系、ISO10012标准测量体系)认证。通过了欧盟承压设备PED认证、NADCAP热处理特种工艺、无损检测、理化测试项目认证及德国压力容器TUV体系认可;完成了挪威石油行业NORSOK产品认证;通过了美国波音、古德里奇(GOODRICH)、加拿大庞巴迪(BOMBARDIER)、欧洲空客、英国罗罗、法国奥布杜瓦(AUBERT&DUVAL)公司、斯奈克玛(SNECMA)公司、德国OTTO FUCHS KG等国际知名大公司的质量体系和产品认证,树立了宝钛品牌的国际地位。
主营业务:
    本公司主要从事钛及钛合金的生产、加工和销售等。
所属概念:
    军工,稀缺资源,新材料,预盈预增,融资融券,3D打印,小金属,航母概念,证金持股,大飞机","按行业:
暂无数据
按产品:
    钛产品: 85.59%
    其他产品: 12.02%
    其他(补充): 2.39%
按地区:
    国内: 84.23%
    国外: 13.38%
    其他(补充): 2.39%",187.05 亿,估值中等,估值较高,估值中等,估值中等,估值中等,9.3996,39.15,--,--,--,2021-04-28,0.5024102818263813,51.100135386965,3.5838773567,50.103535772,2.681992337165,156.5247264044,14.6754569604,15.8517,40.3613433458,22.4824543431,"3月内:买入
6月内:买入
1年内:买入","2021 | 预测每股收益:1.103813 预测市盈率:36.746390
2022 | 预测每股收益:1.395733 预测市盈率:29.235410
2023 | 预测每股收益:1.759286 预测市盈率:22.673575"
吉比特,603444.SH,互联网服务,"互联网和相关服务业、强大的自主研发实力、庞大的游戏用户基础和强大的创收能力、快速的市场响应能力和强大的数据挖掘能力、增持易玩网络,加码手机游戏、拟1亿元参与发起设立投资基金、控股子公司厦门雷霆股份7日起在新三板挂牌","公司简介:
    厦门吉比特网络技术股份有限公司(以下简称“公司”或“吉比特”)是一家专业从事网络游戏创意策划、研发制作及商业化运营的国家级重点软件企业。公司旗下多款具有中华民族传统文化内涵的原创网络游戏作品曾先后入选国家新闻出版广电总局“民族网游出版工程”及“国家新闻出版改革发展项目库”。公司的“动漫文化创意产品与服务出口平台”项目入选中国文化产业重点项目,并获得财政部“文化产业发展专项资金”。凭借对中华传统文化独特的创意理解及网游行业应用软件研发上的专业优势,公司巳连续多年被认定为“国家规划布局内重点软件企业”、“国家火炬计划重点高新技术企业”,且先后获得“福建省重点软件骨干企业”、“福建省(中国历史)动漫制作企业工程技术研究中心”、“福建省战略性新兴产业骨干企业”、“福建省创新型企业”、“福建省文化出口重点培育企业”、“福建省文化产业示范基地”、“福建省版权示范基地”、“福建省动漫游戏杰出贡献企业”、“厦门市优秀创新型企业”、“厦门市自主创新试点企it”、“厦门市重点文化企业”、“厦门市民营科技企业”、“厦门市诚信示范企业”、“厦门市网络动漫游戏产业示范基地”、“厦门市网络动漫工程技术研究中心”及“厦门市最具成长性企业”。
主营业务:
    专业从事网络游戏创意策划、研发制作及商业化运营。
所属概念:
    网络游戏,融资融券,手游概念,在线教育,中证500,上证380,沪股通,昨日涨停,MSCI中国,养老金,富时罗素,标准普尔","按行业:
    游戏收入: 95.94%
    其他收入: 3.79%
    其他(补充): 0.27%
按产品:
    自主运营: 43.69%
    联合运营: 43.43%
    授权运营: 8.82%
    其他: 4.06%
按地区:
    境内: 96.29%
    境外(含港澳台): 3.44%
    其他(补充): 0.27%",315.49 亿,估值中等,估值中等,估值中等,估值中等,估值中等,9.16,439.01,6728.9968343373275,true,6289.986834337327,2021-04-23,0.5128259902129098,13.359005351241,51.0856454861,23.2372404818,2.733422928863,19.7268784998,23.9508907069,68.5001,35.7273237958,38.0272472192,"3月内:买入
6月内:买入
1年内:买入","2021 | 预测每股收益:19.762250 预测市盈率:22.213736
2022 | 预测每股收益:22.767643 预测市盈率:19.280952
2023 | 预测每股收益:26.274880 预测市盈率:16.709187"
浙江众成,002522.SZ,化学制品,POF热收缩膜行业、高端化、差异化、科学创新和赢在领先、POF热收缩膜龙头,"公司简介:
    浙江众成包装材料股份有限公司成立于二〇〇一年,是一家集科研、设计、生产、销售及售后服务于一体的全过程制造企业,是全球知名的高品质POF热收缩膜制造商和国内优秀的POF热收缩膜整体包装解决方案提供商。公司自成立以来,始终坚持“赢在领先”的企业精神、“诚信拥抱客户,真情温暖员工”的经营理念和“差异化、个性化”市场战略,着力打造集约高效现代企业,致力于行业高精尖设备、先进生产工艺以及高端、高附加值产品的自主研发,核心设备自制。经过多年扎实经营,公司自主研发制造的装备处于行业领先水平,生产的产品与国际同步,积累了众多优质客户,产品远销全球60多个国家和地区。公司于2010年12月在深圳证券交易所中小板市场成功上市,目前国内在主板上市的POF企业。
主营业务:
    生产销售多层共挤热收缩薄膜、塑料制品;多层共挤热收缩薄膜生产线及配套设备的制造与销售。
所属概念:
    新材料,预盈预增,融资融券,5G概念,深股通,富时罗素","按行业:
    塑料制品: 56.97%
    合成橡胶制造: 39.32%
    化工贸易: 2.71%
    其他: 1.00%
按产品:
    热塑性弹性体: 39.32%
    POF交联膜: 26.97%
    POF普通型膜: 19.69%
    其他: 14.02%
按地区:
    国内: 68.50%
    国外: 30.50%
    其他(补充): 1.00%",51.99 亿,估值较低,估值较低,估值较低,估值较低,估值较低,9.09,5.74,--,--,--,2021-04-28,0.4863848793270677,164.334110306625,16.3497840563,39.8562255971,1.393728222997,35.6124803591,31.6624034026,4.7676,45.6358007469,14.3844196673,"3月内:
6月内:增持
1年内:增持","2021 | 预测每股收益:0.270000 预测市盈率:21.049286
2022 | 预测每股收益:0.375000 预测市盈率:15.269233
2023 | 预测每股收益:0.000000 预测市盈率:0.000000"
雅克科技,002409.SZ,化学制品,阻燃剂行业、核心产品优势、技术研发优势、质量管理优势、有机磷阻燃剂龙头、市场优势、成本优势、技术优势、无卤化趋势,"公司简介:
    江苏雅克科技股份有限公司是一家中国深圳证券交易所上市企业(股票代码002409.SZ),主要致力于电子半导体材料,深冷复合材料以及塑料助剂材料研发和生产。我们通过多种方式参与到集成电路(晶圆制造及封装)、平板显示(包含LCD及OLED)等电子制造产业链各个环节,丰富产品链为客户提供多方位的产品和技术服务,并积极探索新业务模式提升高附加值满足市场的需求;我们具有全球领先的深冷复合材料技术,针对以三航(航空、航天和航海)为代表的高端装备制备需求提供专业性的解决方案;最后我们以磷系阻燃剂为主的塑料助剂材料的世界主要供应商为客户提供更多有竞争力的产品和服务。
主营业务:
    电子材料业务,LNG保温绝热板材业务,阻燃剂业务
所属概念:
    机构重仓,深成500,融资融券,氟化工,OLED,国产芯片,深股通,MSCI中国,富时罗素,标准普尔,光刻胶,半导体,中芯概念,工业气体","按行业:
    电子材料: 71.03%
    化学材料: 27.57%
    设备租赁: 1.40%
按产品:
    电子材料: 68.55%
    化学材料: 30.05%
    LNG设备租赁: 1.40%
按地区:
    国外销售: 57.44%
    国内销售: 42.56%",269.24 亿,估值中等,估值较高,估值较高,估值中等,估值中等,9.08,58.17,--,--,--,2021-04-28,0.44183723480567694,85.170170734131,23.721746645,16.1110335198,0.111741447482,62.7854189736,27.0034872943,18.5838,48.6019202388,33.1032922985,"3月内:买入
6月内:买入
1年内:买入","2020 | 预测每股收益:0.938000 预测市盈率:61.912714
2021 | 预测每股收益:1.334000 预测市盈率:43.700294
2022 | 预测每股收益:1.810000 预测市盈率:32.219713"
海鸥住工,002084.SZ,金属制品,卫浴五金行业、研发优势、技术创新优势、专利商标优势、智能卫浴、智能家居系列产品、工业机器人技术的研究、拟收购雅科波罗橱柜55%股权、拟回购5%至10%的公司股份、税收优惠、与西门子签署技术协助协议,"公司简介:
    广州海鸥住宅工业股份有限公司发源于1958年的市桥五金机械厂Shiqiao Hardware Machinery Factory,是一家主营手电筒生产的合营企业。1998年,公司与香港中馀投资有限公司(China Source Investment Limited)合资成立番禺海鸥卫浴用品有限公司Panyu Seagull Kitchen and Bath Products Co.,LTD.。2003年8月,海鸥整体改制,正式更名为广州海鸥卫浴用品股份有限公司,并于2006年11月24日在深圳证券交易所挂牌上市。2018年1月,公司更名为广州海鸥住宅工业股份有限公司,证券简称“海鸥住工”,股票代码002084。
主营业务:
    开发、生产高档水暖器材及五金件,制造和销售家用电器,家电配件、饮水设备、滤芯耗材,销售本企业产品。
所属概念:
    机构重仓,智能家居,装配建筑","按行业:
    制造业: 100.00%
按产品:
    五金龙头类产品: 59.15%
    瓷砖: 14.85%
    定制橱柜: 7.42%
    其他: 18.58%
按地区:
    国外: 57.28%
    国内: 42.72%",40.65 亿,估值较低,估值较低,估值较低,估值较高,估值较低,9.03,7.33,--,--,--,2021-04-30,0.515954652025961,16.280369326961,29.9921544442,48.8935050584,1.24567482495,18.2878089614,17.2777304585,6.8026,50.3748129269,27.576583089,"3月内:买入
6月内:买入
1年内:买入","2021 | 预测每股收益:0.411667 预测市盈率:17.762080
2022 | 预测每股收益:0.538333 预测市盈率:13.598057
2023 | 预测每股收益:0.697500 预测市盈率:10.499867"
神州信息,000555.SZ,计算机软件,"IT产业、战略导向,确保企业稳健、可持续发展、应用创新,引领产业发展,提升市场竞争力、深耕行业,推动行业整合和服务创新、信息技术服务、中农信达","公司简介:
    神州数码信息服务股份有限公司,中文简称:神州信息;英文简称:DCITS;股票代码:000555.SZ ;
    三十余年的发展历程,国内早期参与行业信息化建设的企业之一,以业务模式和技术产品创新引领和推动中国信息化进程和信息服务产业的发展,支撑数字中国的使命。
    依托云计算、大数据、量子通信等技术,面向金融、政企、电信、农业、制造等行业提供规划咨询、应用软件设计与开发、技术服务、云服务、数据服务、量子通信等服务内容,以数据赋能行业创新升级,助力产业升级、价值重塑。
主营业务:
    技术服务、农业信息化、应用软件开发、金融专用设备相关业务及集成解决方案
所属概念:
    深圳特区,机构重仓,深成500,云计算,融资融券,智慧城市,大数据,互联金融,国产软件,量子通信,人工智能,区块链,深股通,MSCI中国,独角兽,京东金融,华为概念,边缘计算,富时罗素,标准普尔,数字货币","按行业:
    金融: 39.71%
    政企: 32.99%
    运营商: 23.24%
    其他: 4.05%
按产品:
    系统集成: 56.91%
    软件开发及技术服务: 43.04%
    其他(补充): 0.06%
按地区:
    国内地区: 98.78%
    国外地区: 1.22%",143.60 亿,估值中等,估值中等,估值较低,估值中等,估值较低,8.81,14.71,--,--,--,2021-04-28,0.5150732399010073,26.641137535645,5.3219813349,52.8216702029,0.339904826649,16.2679234609,9.2853994629,9.5439,19.6197569766,28.8370751354,"3月内:买入
6月内:买入
1年内:买入","2021 | 预测每股收益:0.584000 预测市盈率:25.237793
2022 | 预测每股收益:0.740000 预测市盈率:20.056290
2023 | 预测每股收益:0.882857 预测市盈率:16.552302"
韦尔股份,603501.SH,半导体,"计算机、通信和其他电子设备制造业、研发能力优势、核心技术优势、供应商和客户优势、拟收购北京豪威科技1.97%股权、拟近150亿元收购三家CMOS图像传感器研制公司、拟竞拍芯能投资与芯力投资100%股权 以增持北京豪威、16.87亿元成功竞得芯能投资、芯力投资100%股权、拟回购0.44%-1.32%公司股份、自愿锁定股份、IC系列的升级研发项目、射频元器件研发及产业化项目、卫星直播,地面无线接收芯片研发及产业化项目、股利分配、稳定股价措施、芯能投资、芯力投资各100%股权已完成过户手续","公司简介:
    上海韦尔半导体股份有限公司是一家以自主研发、销售服务为主体的半导体器件设计和销售公司,公司成立于2007年5月,总部坐落于有“中国硅谷”之称的上海张江高科技园区,在深圳、台湾、香港等地设立办事处。公司主营产品包括保护器件 (TVS、TSS)、功率器件 (MOSFET、Schottky Diode、Transistor)、电源管理器件 (Charger、LDO、Buck、Boost、Backlight LED Driver、Flash LED Driver)、模拟开关等四条产品线,700多个产品型号,产品在手机、电脑、电视、通讯、安防、车载、穿戴、医疗等领域得到广泛应用,公司业绩连续多年保持稳定增长。随着公司发展,公司逐步引进大量人才,重点加强研发、品质等方面人才储备,同时建立了先进的可靠性实验室、EMC实验室,在产品的研发、试产、量产过程中,对产品质量层层把关,并为合作伙伴提供大量的EMC测试,在得到合作伙伴认可的同时,韦尔半导体正逐步成为国际知名的半导体器件厂商。上海韦尔半导体股份有限公司于中国证监会发审委在2017年第43次会议审核中通过(首发)。
主营业务:
    半导体分立器件和电源管理IC等半导体产品的研发设计,以及被动件、结构器件、分立器件和IC等半导体产品的分销业务
所属概念:
    HS300_,转债标的,预盈预增,融资融券,上证50_,上证180_,沪股通,国产芯片,MSCI中国,小米概念,华为概念,超清视频,富时罗素,标准普尔,无线耳机,3D摄像头,传感器,半导体,中芯概念,汽车芯片","按行业:
    半导体设计及销售: 87.10%
    电子元器件代理及销售: 12.54%
    其他(补充): 0.36%
按产品:
    CMOS图像传感器产品: 74.14%
    半导体分销: 12.54%
    TDDI: 3.75%
    其他: 9.57%
按地区:
    国外: 76.50%
    国内: 23.14%
    其他(补充): 0.36%",2591.37 亿,估值较低,估值较高,估值较高,估值中等,估值中等,8.61,298.5,9126.129424044175,true,8827.629424044175,2021-04-23,0.5981665285995983,133.837527468054,62.760053098,52.0206311027,0.105527638191,170.215240813,101.9776621738,163.4567,50.3130568353,35.8903440407,"3月内:买入
6月内:买入
1年内:买入","2021 | 预测每股收益:4.712967 预测市盈率:63.707155
2022 | 预测每股收益:6.164533 预测市盈率:48.807873
2023 | 预测每股收益:8.150588 预测市盈率:36.622022"
东方电缆,603606.SH,输变电设备,电线电缆行业、研发优势、500kV XLPE海底电缆系统通过预鉴定试验、中标1.8亿元光电复合海底电缆项目、中标1.95亿元海上风电总包项目、中标3.3亿元海缆采购项目,"公司简介:
    宁波东方电缆股份有限公司座落于浙江省宁波市,位于中国大陆海岸线中段, 经济发达的长江三角洲南翼,毗邻上海、杭州,具有得天独厚深水良港的北仑。下辖子公司:江西东方电缆有限公司、宁波海缆研究院工程有限公司。公司是国家级高新技术企业、国家创新型企业。我们致力于电力、建筑、通信、石化、轨道交通、风力发电、核能、海洋油气勘采、海洋军事等领域的光、电、复合缆的设计、研发,制造,安装和技术支持。公司承担了3个国家863计划项目、1个国家科技支撑计划项目和1个国家海洋经济创新发展区域示范项目,并牵头起草了海底电缆国家标准,是国内掌握海洋脐带缆的设计分析并能进行自主生产的企业。公司拥有500kV及以下交流海缆、陆缆,±320kV及以下直流海缆、陆缆的系统研发生产能力,并涉及海底光电复合缆,海底光缆,智能电网用光复电缆,核电缆,通信电缆,控制电缆,电线,综合布线,架空导线等一系列产品;同时提供海洋工程用线缆的客户定制化服务(如:脐带缆等);并通过了ISO三大体系认证,拥有挪威船级社DNV认证证书。
主营业务:
    公司主营业务为各种电线电缆的研发、生产、销售及其服务,公司目前的主要产品为海缆、电力电缆和电气装备用电线电缆,其中以35kV及以上海缆、高压电力电缆为公司业务发展重点。由于产品行业及地域性的关系,公司的电力电缆销售侧重于浙江省及周边省市,在浙江省一直处于领先地位。得益于公司的海缆发展战略,公司在海缆领域确立了领导地位,公司的海缆产品具有很强的竞争力,部分产品逐步替代国外进口实现了国产化,是国内唯一一家生产并交付220kV海底电缆和脐带缆的企业。
所属概念:
    参股券商,转债标的,预盈预增,风能,融资融券,海工装备,上证380,沪股通,富时罗素","按行业:
    电气机械及器材制造业: 99.72%
    其他(补充): 0.28%
按产品:
    陆缆系统: 52.07%
    海缆系统: 43.12%
    海洋工程: 4.53%
    其他(补充): 0.28%
按地区:
    内销: 99.72%
    其他(补充): 0.28%",149.79 亿,估值较低,估值中等,估值中等,估值中等,估值较低,8.51,22.9,2895.949129289913,true,2873.049129289913,2021-04-21,0.5215964165183424,245.191978514642,115.3495214395,46.932951753,1.004365668293,160.50455086,34.8145510755,45.9591,50.630792973,37.4706791675,"3月内:买入
6月内:买入
1年内:买入","2021 | 预测每股收益:2.042308 预测市盈率:11.206640
2022 | 预测每股收益:2.245385 预测市盈率:10.341698
2023 | 预测每股收益:2.486250 预测市盈率:9.212070"
许继电气,000400.SZ,输变电设备,电力装备行业、强大的科研创新能力、全面的系统解决方案能力、广泛的市场影响力,"公司简介:
    许继电气股份有限公司是中国电力装备行业的大型骨干企业,产品覆盖发电、输电、变电、配电、用电等电力系统各个环节,横跨一二次、高中压、交直流装备领域,能够为客户提供系统解决方案。公司产品业务主要分为智能变配电系统、直流输电系统、智能中压供用电设备、智能电表、电动汽车智能充换电系统、EMS加工服务等六类。公司先后承担了向家坝-上海±800千伏特高压直流输电、锦屏-苏南±800千伏特高压直流输电、糯扎渡-广东±800千伏特高压直流输电、灵州-绍兴±800千伏特高压直流输电工程;三峡工程、晋东南-南阳-荆门特高压交流输电工程、淮南-南京-上海、锡盟-山东1000千伏特高压交流输电工程等;陕西延安750千伏智能变电站工程等;北京市配网自动化工程、山东省配网自动化工程、2017年杭州G20峰会保电项目等;以及京津城际、京沪高铁、郑西高铁、京石武客专等一系列国家重点工程项目,积累了设备成套及大型工程的组织、实施等方面的成套经验,形成了一支专业技术精、组织能力强的专业队伍,具备承担大型工程成套供货和组织交钥匙工程的能力。
主营业务:
    生产经营电网调度自动化、配电网自动化、变电站自动化、电站自动化、铁路供电自动化、电网安全稳定控制、电力管理信息系统、电力市场技术支持系统、继电保护及自动化控制装置、继电器、电子式电度表、中压开关及开关柜、变压器、箱式变电站等。
所属概念:
    军工,深成500,预盈预增,智能电网,融资融券,国企改革,充电桩,中证500,一带一路,2025规划,证金持股,无线充电,深股通,富时罗素,标准普尔,特高压","按行业:
    电气机械及器材制造业: 100.00%
按产品:
    智能变配电系统: 34.21%
    智能电表: 21.43%
    智能中压供用电设备: 16.75%
    其他: 27.61%
按地区:
    华中: 34.50%
    华东: 22.78%
    华北: 15.45%
    其他: 27.27%",140.16 亿,估值较低,估值较低,估值较低,估值中等,估值较低,8.42,13.9,--,--,--,2021-04-27,0.4370462177366562,52.159336081885,3.1214674139,45.2628534711,0.719424460432,5.2672947749,2.7068215947,9.7528,24.0285743094,16.758015559,"3月内:买入
6月内:买入
1年内:买入","2021 | 预测每股收益:0.882500 预测市盈率:15.783502
2022 | 预测每股收益:1.035000 预测市盈率:13.432124
2023 | 预测每股收益:1.190000 预测市盈率:11.692133"
